--
-- DSQL database dump
--

-- Dumped by dsql_dump version 0.0.0
-- Dumped on 2025-09-24T23:59:41.223Z

SET statement_timeout = 0;
SET lock_timeout = 0;
SET idle_in_transaction_session_timeout = 0;
SET client_encoding = 'UTF8';
SET standard_conforming_strings = on;
SELECT pg_catalog.set_config('search_path', '', false);
SET check_function_bodies = false;
SET xmloption = content;
SET client_min_messages = warning;
SET row_security = off;

--
-- Tables
--

--
-- Name: account; Type: TABLE; Schema: public; Owner: admin
--

DROP TABLE IF EXISTS public.account;

CREATE TABLE public.account (
    user_id character varying(255) NOT NULL,
    type character varying(255) NOT NULL,
    provider character varying(255) NOT NULL,
    provider_account_id character varying(255) NOT NULL,
    refresh_token text,
    access_token text,
    expires_at integer,
    token_type character varying(255),
    scope character varying(255),
    id_token text,
    session_state character varying(255),
    CONSTRAINT account_provider_provider_account_id_pk PRIMARY KEY (provider, provider_account_id) INCLUDE (user_id, type, refresh_token, access_token, expires_at, token_type, scope, id_token, session_state)
);

--
-- Name: course_category; Type: TABLE; Schema: public; Owner: admin
--

DROP TABLE IF EXISTS public.course_category;

CREATE TABLE public.course_category (
    id integer NOT NULL,
    name character varying(255) NOT NULL,
    description text,
    created_at timestamp without time zone DEFAULT now() NOT NULL,
    updated_at timestamp without time zone DEFAULT now() NOT NULL,
    CONSTRAINT course_category_pkey PRIMARY KEY (id) INCLUDE (name, description, created_at, updated_at)
);

--
-- Name: level_credits; Type: TABLE; Schema: public; Owner: admin
--

DROP TABLE IF EXISTS public.level_credits;

CREATE TABLE public.level_credits (
    level integer NOT NULL,
    credits integer DEFAULT 1 NOT NULL,
    minimum_subjects integer DEFAULT 1 NOT NULL,
    CONSTRAINT level_credits_pkey PRIMARY KEY (level) INCLUDE (credits, minimum_subjects)
);

--
-- Name: pace; Type: TABLE; Schema: public; Owner: admin
--

DROP TABLE IF EXISTS public.pace;

CREATE TABLE public.pace (
    id character varying(26) NOT NULL,
    subject_id character varying(26) NOT NULL,
    pace_number integer NOT NULL,
    created_at timestamp without time zone DEFAULT now() NOT NULL,
    updated_at timestamp without time zone DEFAULT now() NOT NULL,
    CONSTRAINT pace_pkey PRIMARY KEY (id) INCLUDE (subject_id, pace_number, created_at, updated_at),
    CONSTRAINT pace_subject_id_pace_number_unique UNIQUE (subject_id, pace_number)
);

--
-- Name: pace_score; Type: TABLE; Schema: public; Owner: admin
--

DROP TABLE IF EXISTS public.pace_score;

CREATE TABLE public.pace_score (
    id character varying(26) NOT NULL,
    student_id character varying(26) NOT NULL,
    pace_id character varying(26) NOT NULL,
    score numeric(5,2),
    score_date date,
    cenz_result_id integer NOT NULL,
    created_at timestamp without time zone DEFAULT now() NOT NULL,
    updated_at timestamp without time zone DEFAULT now() NOT NULL,
    CONSTRAINT pace_score_pkey PRIMARY KEY (id) INCLUDE (student_id, pace_id, score, score_date, cenz_result_id, created_at, updated_at),
    CONSTRAINT pace_score_cenz_result_id_unique UNIQUE (cenz_result_id),
    CONSTRAINT pace_score_student_id_pace_id_unique UNIQUE (student_id, pace_id)
);

--
-- Name: student; Type: TABLE; Schema: public; Owner: admin
--

DROP TABLE IF EXISTS public.student;

CREATE TABLE public.student (
    id character varying(26) NOT NULL,
    name character varying(255) NOT NULL,
    date_of_birth date NOT NULL,
    is_enrolled boolean DEFAULT true NOT NULL,
    created_at timestamp without time zone DEFAULT now() NOT NULL,
    updated_at timestamp without time zone DEFAULT now() NOT NULL,
    CONSTRAINT student_pkey PRIMARY KEY (id) INCLUDE (name, date_of_birth, is_enrolled, created_at, updated_at)
);

--
-- Name: student_subject; Type: TABLE; Schema: public; Owner: admin
--

DROP TABLE IF EXISTS public.student_subject;

CREATE TABLE public.student_subject (
    id character varying(26) NOT NULL,
    student_id character varying(26) NOT NULL,
    subject_id character varying(26) NOT NULL,
    enrolled_at timestamp without time zone DEFAULT now() NOT NULL,
    date_completed date,
    CONSTRAINT student_subject_pkey PRIMARY KEY (id) INCLUDE (student_id, subject_id, enrolled_at, date_completed),
    CONSTRAINT student_subject_student_id_subject_id_unique UNIQUE (student_id, subject_id)
);

--
-- Name: subject; Type: TABLE; Schema: public; Owner: admin
--

DROP TABLE IF EXISTS public.subject;

CREATE TABLE public.subject (
    id character varying(26) NOT NULL,
    name character varying(255) NOT NULL,
    level integer NOT NULL,
    paces integer DEFAULT 12 NOT NULL,
    credits numeric(5,2) DEFAULT 1 NOT NULL,
    type character varying(50) NOT NULL,
    created_at timestamp without time zone DEFAULT now() NOT NULL,
    updated_at timestamp without time zone DEFAULT now() NOT NULL,
    category_id integer,
    is_university_approved boolean,
    CONSTRAINT subject2_pkey PRIMARY KEY (id) INCLUDE (name, level, paces, credits, type, created_at, updated_at, category_id, is_university_approved),
    CONSTRAINT subject2_name_unique UNIQUE (name)
);

--
-- Name: t; Type: TABLE; Schema: public; Owner: admin
--

DROP TABLE IF EXISTS public.t;

CREATE TABLE public.t (
    i integer
);

--
-- Data
--

--
-- Data for Name: account; Type: TABLE DATA; Schema: public; Owner: admin
--

COPY public.account (user_id, type, provider, provider_account_id, refresh_token, access_token, expires_at, token_type, scope, id_token, session_state) FROM stdin;
\.

--
-- Data for Name: course_category; Type: TABLE DATA; Schema: public; Owner: admin
--

COPY public.course_category (id, name, description, created_at, updated_at) FROM stdin;
0	Default	\N	2025-09-23 01:20:37.572000	2025-09-23 01:20:37.572000
1	Christian Studies	\N	2025-09-23 01:20:37.572000	2025-09-23 01:20:37.572000
2	Literacy	\N	2025-09-23 01:20:37.572000	2025-09-23 01:20:37.572000
3	Numeracy	\N	2025-09-23 01:20:37.572000	2025-09-23 01:20:37.572000
4	Science	\N	2025-09-23 01:20:37.572000	2025-09-23 01:20:37.572000
5	Social Studies	\N	2025-09-23 01:20:37.572000	2025-09-23 01:20:37.572000
\.

--
-- Data for Name: level_credits; Type: TABLE DATA; Schema: public; Owner: admin
--

COPY public.level_credits (level, credits, minimum_subjects) FROM stdin;
0	5	3
1	17	4
2	25	4
3	27	4
\.

--
-- Data for Name: pace; Type: TABLE DATA; Schema: public; Owner: admin
--

COPY public.pace (id, subject_id, pace_number, created_at, updated_at) FROM stdin;
01K5JHB6XJ0X9DAH40S8GHHCP9	01K5JHB5C00SCX0S4V6SE3VHJ8	1085	2025-09-20 03:05:39.069000	2025-09-20 03:05:39.069000
01K5JHB7G8ZZ7TPRJ2K417D4XC	01K5JHB5C00SCX0S4V6SE3VHJ8	1086	2025-09-20 03:05:39.666000	2025-09-20 03:05:39.666000
01K5JHB8125G93RZ94S8Z2V4BW	01K5JHB5C00SCX0S4V6SE3VHJ8	1087	2025-09-20 03:05:40.206000	2025-09-20 03:05:40.206000
01K5JHB8JWG2GVAKVVG0YGJM52	01K5JHB5C00SCX0S4V6SE3VHJ8	1088	2025-09-20 03:05:40.774000	2025-09-20 03:05:40.774000
01K5JHB94ZKPJ969SY2Q2R5ET0	01K5JHB5C00SCX0S4V6SE3VHJ8	1089	2025-09-20 03:05:41.354000	2025-09-20 03:05:41.354000
01K5JHB9NV91D4DS9W1D2NCQET	01K5JHB5C00SCX0S4V6SE3VHJ8	1090	2025-09-20 03:05:41.895000	2025-09-20 03:05:41.895000
01K5JHBA6VVKMYZXXTZG2P9R46	01K5JHB5C00SCX0S4V6SE3VHJ8	1091	2025-09-20 03:05:42.437000	2025-09-20 03:05:42.437000
01K5JHBAR6Q4873JYHQE6K0QWX	01K5JHB5C00SCX0S4V6SE3VHJ8	1092	2025-09-20 03:05:42.992000	2025-09-20 03:05:42.992000
01K5JHBBADE8FYM7NWTJJDGC03	01K5JHB5C00SCX0S4V6SE3VHJ8	1093	2025-09-20 03:05:43.576000	2025-09-20 03:05:43.576000
01K5JHBBVXY5Q7VE182CFGHP8Z	01K5JHB5C00SCX0S4V6SE3VHJ8	1094	2025-09-20 03:05:44.136000	2025-09-20 03:05:44.136000
01K5JHBCFFEYPHS7ZNRJERHQPC	01K5JHB5C00SCX0S4V6SE3VHJ8	1095	2025-09-20 03:05:44.761000	2025-09-20 03:05:44.761000
01K5JHBD0T7B70ZPKGSCSYY64Q	01K5JHB5C00SCX0S4V6SE3VHJ8	1096	2025-09-20 03:05:45.317000	2025-09-20 03:05:45.317000
01K5JHBEW8K60WKB33TYWENDC9	01K5JHBDCXTXNHKGV6JVG5185Q	1097	2025-09-20 03:05:47.218000	2025-09-20 03:05:47.218000
01K5JHBFEJKZTB3CW7V8AYV61K	01K5JHBDCXTXNHKGV6JVG5185Q	1098	2025-09-20 03:05:47.807000	2025-09-20 03:05:47.807000
01K5JHBG0BK9TKBKMAKNHRZN93	01K5JHBDCXTXNHKGV6JVG5185Q	1099	2025-09-20 03:05:48.375000	2025-09-20 03:05:48.375000
01K5JHBGR6JB46VQFSK866W8TT	01K5JHBDCXTXNHKGV6JVG5185Q	1100	2025-09-20 03:05:49.137000	2025-09-20 03:05:49.137000
01K5JHBH9GEFFP6A9VJHQH9RA3	01K5JHBDCXTXNHKGV6JVG5185Q	1101	2025-09-20 03:05:49.690000	2025-09-20 03:05:49.690000
01K5JHBHX227TW7B04KRVWEMPF	01K5JHBDCXTXNHKGV6JVG5185Q	1102	2025-09-20 03:05:50.317000	2025-09-20 03:05:50.317000
01K5JHBJFS96JTRT3J84F56GSF	01K5JHBDCXTXNHKGV6JVG5185Q	1103	2025-09-20 03:05:50.914000	2025-09-20 03:05:50.914000
01K5JHBK0MSJWS8JG7K3JT0GT5	01K5JHBDCXTXNHKGV6JVG5185Q	1104	2025-09-20 03:05:51.455000	2025-09-20 03:05:51.455000
01K5JHBKHTPQKWSEX2H7G65JHE	01K5JHBDCXTXNHKGV6JVG5185Q	1105	2025-09-20 03:05:52.005000	2025-09-20 03:05:52.005000
01K5JHBM31TWMEKY91ECZ8C8DW	01K5JHBDCXTXNHKGV6JVG5185Q	1106	2025-09-20 03:05:52.556000	2025-09-20 03:05:52.556000
01K5JHBMR1FE967WNSXWAHF5QM	01K5JHBDCXTXNHKGV6JVG5185Q	1107	2025-09-20 03:05:53.227000	2025-09-20 03:05:53.227000
01K5JHBN8Y06QMY2NE3XSTCZS4	01K5JHBDCXTXNHKGV6JVG5185Q	1108	2025-09-20 03:05:53.768000	2025-09-20 03:05:53.768000
01K5JHBQBD1X9DZ5WDBZZ1NJ4C	01K5JHBNR695HAVSB0GXR47RW0	1085	2025-09-20 03:05:55.896000	2025-09-20 03:05:55.896000
01K5JHBQWBW6V807ZKSD59RE20	01K5JHBNR695HAVSB0GXR47RW0	1086	2025-09-20 03:05:56.438000	2025-09-20 03:05:56.438000
01K5JHBRDJD8NSXRB6EJ88GQSH	01K5JHBNR695HAVSB0GXR47RW0	1087	2025-09-20 03:05:56.989000	2025-09-20 03:05:56.989000
01K5JHBS3F99CV8T4Q96EA3TS5	01K5JHBNR695HAVSB0GXR47RW0	1088	2025-09-20 03:05:57.691000	2025-09-20 03:05:57.691000
01K5JHBSN102XF92XKBB1RMV1Z	01K5JHBNR695HAVSB0GXR47RW0	1089	2025-09-20 03:05:58.251000	2025-09-20 03:05:58.251000
01K5JHBT9XQ0JXQERCWZM6GEQS	01K5JHBNR695HAVSB0GXR47RW0	1090	2025-09-20 03:05:58.919000	2025-09-20 03:05:58.919000
01K5JHBTYKR1DCEZ6YXDF36QN1	01K5JHBNR695HAVSB0GXR47RW0	1091	2025-09-20 03:05:59.582000	2025-09-20 03:05:59.582000
01K5JHBVFQZ33F0JWQZCM640BW	01K5JHBNR695HAVSB0GXR47RW0	1092	2025-09-20 03:06:00.130000	2025-09-20 03:06:00.130000
01K5JHBW3G4A7W4SVE68NZN97A	01K5JHBNR695HAVSB0GXR47RW0	1093	2025-09-20 03:06:00.762000	2025-09-20 03:06:00.762000
01K5JHBWN066NCRGQ1PEWBV2C1	01K5JHBNR695HAVSB0GXR47RW0	1094	2025-09-20 03:06:01.323000	2025-09-20 03:06:01.323000
01K5JHBX6PZTWYX4PE8TPZJVXQ	01K5JHBNR695HAVSB0GXR47RW0	1095	2025-09-20 03:06:01.887000	2025-09-20 03:06:01.887000
01K5JHBXVDCYY0Y3JQAXST59KE	01K5JHBNR695HAVSB0GXR47RW0	1096	2025-09-20 03:06:02.551000	2025-09-20 03:06:02.551000
01K5JHBZSXX56DRDYQZ82M31Q4	01K5JHBY86DAYWPDVK824BSVTJ	1097	2025-09-20 03:06:04.551000	2025-09-20 03:06:04.551000
01K5JHC0BZ1KB9XHHVNMR2M28E	01K5JHBY86DAYWPDVK824BSVTJ	1098	2025-09-20 03:06:05.129000	2025-09-20 03:06:05.129000
01K5JHC0YKH42ADG4J4F1AT5C3	01K5JHBY86DAYWPDVK824BSVTJ	1099	2025-09-20 03:06:05.727000	2025-09-20 03:06:05.727000
01K5JHC1FHVVW9W1R3SW0EJZCM	01K5JHBY86DAYWPDVK824BSVTJ	1100	2025-09-20 03:06:06.267000	2025-09-20 03:06:06.267000
01K5JHC20TGG70F44BBSVJH291	01K5JHBY86DAYWPDVK824BSVTJ	1101	2025-09-20 03:06:06.820000	2025-09-20 03:06:06.820000
01K5JHC2KX9NFBXPVJ2049017F	01K5JHBY86DAYWPDVK824BSVTJ	1102	2025-09-20 03:06:07.431000	2025-09-20 03:06:07.431000
01K5JHC34MXKA74AW6VBA8M056	01K5JHBY86DAYWPDVK824BSVTJ	1103	2025-09-20 03:06:07.966000	2025-09-20 03:06:07.966000
01K5JHC3NH4KPCV9QRQH0T3WRB	01K5JHBY86DAYWPDVK824BSVTJ	1104	2025-09-20 03:06:08.507000	2025-09-20 03:06:08.507000
01K5JHC48HXB2K6MTK7TFR0DNF	01K5JHBY86DAYWPDVK824BSVTJ	1105	2025-09-20 03:06:09.115000	2025-09-20 03:06:09.115000
01K5JHC4SGCYNYJ7NM8D26HWBR	01K5JHBY86DAYWPDVK824BSVTJ	1106	2025-09-20 03:06:09.657000	2025-09-20 03:06:09.657000
01K5JHC5BDGTFG5TJ8K6E56Z0R	01K5JHBY86DAYWPDVK824BSVTJ	1107	2025-09-20 03:06:10.232000	2025-09-20 03:06:10.232000
01K5JHC5WQH6T3VG940PV40JD5	01K5JHBY86DAYWPDVK824BSVTJ	1108	2025-09-20 03:06:10.785000	2025-09-20 03:06:10.785000
01K5JHC7QYFR9X2EJET3G2T40N	01K5JHC6C9YYK4C2MMEH9P43BZ	1	2025-09-20 03:06:12.682000	2025-09-20 03:06:12.682000
01K5JHC89408V5BPP26YFW08S2	01K5JHC6C9YYK4C2MMEH9P43BZ	2	2025-09-20 03:06:13.230000	2025-09-20 03:06:13.230000
01K5JHC8T9SQTVX4WES9DN2SE1	01K5JHC6C9YYK4C2MMEH9P43BZ	3	2025-09-20 03:06:13.779000	2025-09-20 03:06:13.779000
01K5JHC9D3JQDVB5BAPGKBCKYR	01K5JHC6C9YYK4C2MMEH9P43BZ	4	2025-09-20 03:06:14.382000	2025-09-20 03:06:14.382000
01K5JHC9XTF7YHK4STSX033Q9B	01K5JHC6C9YYK4C2MMEH9P43BZ	5	2025-09-20 03:06:14.917000	2025-09-20 03:06:14.917000
01K5JHCAETKB1QXNVRBGHFSJQK	01K5JHC6C9YYK4C2MMEH9P43BZ	6	2025-09-20 03:06:15.461000	2025-09-20 03:06:15.461000
01K5JHCB11ZD7RQ8PSB48V28XM	01K5JHC6C9YYK4C2MMEH9P43BZ	7	2025-09-20 03:06:16.044000	2025-09-20 03:06:16.044000
01K5JHCBKGJ501KY81R3PVHRYX	01K5JHC6C9YYK4C2MMEH9P43BZ	8	2025-09-20 03:06:16.635000	2025-09-20 03:06:16.635000
01K5JHCC4CTKA1FT171EVX3S59	01K5JHC6C9YYK4C2MMEH9P43BZ	9	2025-09-20 03:06:17.175000	2025-09-20 03:06:17.175000
01K5JHCCEA19G22F2BY7B6YR7C	01K5JHC6C9YYK4C2MMEH9P43BZ	10	2025-09-20 03:06:17.495000	2025-09-20 03:06:17.495000
01K5JHCDYKD4WMKPJXHJ2Q80TF	01K5JHCCN03JC01DJ0D6D2R3SR	1	2025-09-20 03:06:19.040000	2025-09-20 03:06:19.040000
01K5JHCEGZKBZF1MY4WM8S41WT	01K5JHCCN03JC01DJ0D6D2R3SR	2	2025-09-20 03:06:19.625000	2025-09-20 03:06:19.625000
01K5JHCF1TG8B327ZR67S6XN5A	01K5JHCCN03JC01DJ0D6D2R3SR	3	2025-09-20 03:06:20.165000	2025-09-20 03:06:20.165000
01K5JHCFKGD6809F1DMFK24VR3	01K5JHCCN03JC01DJ0D6D2R3SR	4	2025-09-20 03:06:20.730000	2025-09-20 03:06:20.730000
01K5JHCG87H4XA7NFEFJHXN31Z	01K5JHCCN03JC01DJ0D6D2R3SR	5	2025-09-20 03:06:21.395000	2025-09-20 03:06:21.395000
01K5JHCGSXA47G4V288GHBDKMS	01K5JHCCN03JC01DJ0D6D2R3SR	6	2025-09-20 03:06:21.959000	2025-09-20 03:06:21.959000
01K5JHCJ1TKDWSGFR1JR23GJNQ	01K5JHCH94CVP9YB04YWJ95QYJ	1	2025-09-20 03:06:23.237000	2025-09-20 03:06:23.237000
01K5JHCKPC19ZPK0G506D5V43T	01K5JHCJ6XBQWS9C3Z7Y7MPRN9	1097	2025-09-20 03:06:24.920000	2025-09-20 03:06:24.920000
01K5JHCMBDKC0T8CGNDDMRXZRT	01K5JHCJ6XBQWS9C3Z7Y7MPRN9	1098	2025-09-20 03:06:25.592000	2025-09-20 03:06:25.592000
01K5JHCN0A1YJ2FYPQAJM3C7YA	01K5JHCJ6XBQWS9C3Z7Y7MPRN9	1099	2025-09-20 03:06:26.259000	2025-09-20 03:06:26.259000
01K5JHCNR76XJAEPJ65MNQD99Y	01K5JHCJ6XBQWS9C3Z7Y7MPRN9	1100	2025-09-20 03:06:27.026000	2025-09-20 03:06:27.026000
01K5JHCPAFF00F6Q83936DZTBQ	01K5JHCJ6XBQWS9C3Z7Y7MPRN9	1101	2025-09-20 03:06:27.610000	2025-09-20 03:06:27.610000
01K5JHCPWWNCJETFV0Q90K1DTS	01K5JHCJ6XBQWS9C3Z7Y7MPRN9	1102	2025-09-20 03:06:28.200000	2025-09-20 03:06:28.200000
01K5JHCQEME5WWN0NMWK8EX87A	01K5JHCJ6XBQWS9C3Z7Y7MPRN9	1103	2025-09-20 03:06:28.767000	2025-09-20 03:06:28.767000
01K5JHCR0C5XCAH8XSYR4RGWJ6	01K5JHCJ6XBQWS9C3Z7Y7MPRN9	1104	2025-09-20 03:06:29.334000	2025-09-20 03:06:29.334000
01K5JHCRHWW1SXNFREEJF0H9RJ	01K5JHCJ6XBQWS9C3Z7Y7MPRN9	1105	2025-09-20 03:06:29.894000	2025-09-20 03:06:29.894000
01K5JHCS53P45XGHHN1K5BEWAC	01K5JHCJ6XBQWS9C3Z7Y7MPRN9	1106	2025-09-20 03:06:30.517000	2025-09-20 03:06:30.517000
01K5JHCSVEHWJ6QJXJFT3RWQF9	01K5JHCJ6XBQWS9C3Z7Y7MPRN9	1107	2025-09-20 03:06:31.224000	2025-09-20 03:06:31.224000
01K5JHCTGCHZKZYWSMWYKQ4H3G	01K5JHCJ6XBQWS9C3Z7Y7MPRN9	1108	2025-09-20 03:06:31.893000	2025-09-20 03:06:31.893000
01K5JHCWN12A46VKCH94GWX5RF	01K5JHCTWA1H1E01P65S9VAW24	1085	2025-09-20 03:06:34.092000	2025-09-20 03:06:34.092000
01K5JHCX6G6F4A06C9M2N306AG	01K5JHCTWA1H1E01P65S9VAW24	1086	2025-09-20 03:06:34.651000	2025-09-20 03:06:34.651000
01K5JHCXQG626PJN4SKPCZW67X	01K5JHCTWA1H1E01P65S9VAW24	1087	2025-09-20 03:06:35.193000	2025-09-20 03:06:35.193000
01K5JHCY8RDM7R401AA36C75ZW	01K5JHCTWA1H1E01P65S9VAW24	1088	2025-09-20 03:06:35.748000	2025-09-20 03:06:35.748000
01K5JHCYYM5SWDJZMJWKE83MZ8	01K5JHCTWA1H1E01P65S9VAW24	1089	2025-09-20 03:06:36.447000	2025-09-20 03:06:36.447000
01K5JHCZFSPMGNQ4XX5FE0SQX3	01K5JHCTWA1H1E01P65S9VAW24	1090	2025-09-20 03:06:36.994000	2025-09-20 03:06:36.994000
01K5JHD051PNEN2VG0FJ0T8GSJ	01K5JHCTWA1H1E01P65S9VAW24	1091	2025-09-20 03:06:37.675000	2025-09-20 03:06:37.675000
01K5JHD0T00F74TNAH1ASA0BH3	01K5JHCTWA1H1E01P65S9VAW24	1092	2025-09-20 03:06:38.348000	2025-09-20 03:06:38.348000
01K5JHD1EMK722BG8163PFM8C9	01K5JHCTWA1H1E01P65S9VAW24	1093	2025-09-20 03:06:39.007000	2025-09-20 03:06:39.007000
01K5JHD22TVGSSG0BA5XCVYK9K	01K5JHCTWA1H1E01P65S9VAW24	1094	2025-09-20 03:06:39.652000	2025-09-20 03:06:39.652000
01K5JHD2M6EGXMBP39CY4RHGN2	01K5JHCTWA1H1E01P65S9VAW24	1095	2025-09-20 03:06:40.208000	2025-09-20 03:06:40.208000
01K5JHD36RNB4WG3RYN0JWN0QJ	01K5JHCTWA1H1E01P65S9VAW24	1096	2025-09-20 03:06:40.803000	2025-09-20 03:06:40.803000
01K5JHD57D2NZKJP9EFA10K8BT	01K5JHD3N36WA8362H1JHQ5K4V	97	2025-09-20 03:06:42.871000	2025-09-20 03:06:42.871000
01K5JHD5RB90RXQHFDPM6ZBNXB	01K5JHD3N36WA8362H1JHQ5K4V	98	2025-09-20 03:06:43.413000	2025-09-20 03:06:43.413000
01K5JHD6A0DX0MHMDZQX3S7BWF	01K5JHD3N36WA8362H1JHQ5K4V	99	2025-09-20 03:06:43.978000	2025-09-20 03:06:43.978000
01K5JHD6XTN7D16Q91PB5V6B8A	01K5JHD3N36WA8362H1JHQ5K4V	100	2025-09-20 03:06:44.614000	2025-09-20 03:06:44.614000
01K5JHD7HV6MMRYC6DQ0K7GPEP	01K5JHD3N36WA8362H1JHQ5K4V	101	2025-09-20 03:06:45.255000	2025-09-20 03:06:45.255000
01K5JHD83HXN091CGYX0YMYWWW	01K5JHD3N36WA8362H1JHQ5K4V	102	2025-09-20 03:06:45.820000	2025-09-20 03:06:45.820000
01K5JHD8QDKX4T4E2G1F70EGN3	01K5JHD3N36WA8362H1JHQ5K4V	103	2025-09-20 03:06:46.456000	2025-09-20 03:06:46.456000
01K5JHD987NBST9DGFQSF3R50E	01K5JHD3N36WA8362H1JHQ5K4V	104	2025-09-20 03:06:46.996000	2025-09-20 03:06:46.996000
01K5JHD9YMYAAXYGHS1RKT5ERD	01K5JHD3N36WA8362H1JHQ5K4V	105	2025-09-20 03:06:47.712000	2025-09-20 03:06:47.712000
01K5JHDAKJF4WGSWWTWPZ4AAKD	01K5JHD3N36WA8362H1JHQ5K4V	106	2025-09-20 03:06:48.381000	2025-09-20 03:06:48.381000
01K5JHDB4AR389B9QWZ3C4BAMK	01K5JHD3N36WA8362H1JHQ5K4V	107	2025-09-20 03:06:48.917000	2025-09-20 03:06:48.917000
01K5JHDBN8ME0T5BHCPFCNDRN2	01K5JHD3N36WA8362H1JHQ5K4V	108	2025-09-20 03:06:49.459000	2025-09-20 03:06:49.459000
01K5JHDDC3888WZVC5E3NPKMXP	01K5JHDC14N3NGPY807DJKZCDV	1097	2025-09-20 03:06:51.213000	2025-09-20 03:06:51.213000
01K5JHDDX4FFHGVHEEYYSWF4RQ	01K5JHDC14N3NGPY807DJKZCDV	1098	2025-09-20 03:06:51.759000	2025-09-20 03:06:51.759000
01K5JHDEGE2GHZE1B7V5DDHPQH	01K5JHDC14N3NGPY807DJKZCDV	1099	2025-09-20 03:06:52.377000	2025-09-20 03:06:52.377000
01K5JHDF19423341ZS87G6RACT	01K5JHDC14N3NGPY807DJKZCDV	1100	2025-09-20 03:06:52.915000	2025-09-20 03:06:52.915000
01K5JHDFHWR1EQJDYYHBT0DB43	01K5JHDC14N3NGPY807DJKZCDV	1101	2025-09-20 03:06:53.448000	2025-09-20 03:06:53.448000
01K5JHDG2HKDX25W296WBRSQ8Z	01K5JHDC14N3NGPY807DJKZCDV	1102	2025-09-20 03:06:53.980000	2025-09-20 03:06:53.980000
01K5JHDGPQG8W8VCVB3X6PJ21D	01K5JHDC14N3NGPY807DJKZCDV	1103	2025-09-20 03:06:54.625000	2025-09-20 03:06:54.625000
01K5JHDHAJYSNDZ52CJ5NTZVBH	01K5JHDC14N3NGPY807DJKZCDV	1104	2025-09-20 03:06:55.260000	2025-09-20 03:06:55.260000
01K5JHDHVBCVGYXQF2PW0006D3	01K5JHDC14N3NGPY807DJKZCDV	1105	2025-09-20 03:06:55.797000	2025-09-20 03:06:55.797000
01K5JHDJENR29Y3AD09G3JAXHS	01K5JHDC14N3NGPY807DJKZCDV	1106	2025-09-20 03:06:56.416000	2025-09-20 03:06:56.416000
01K5JHDJRPFG03XS1CDMP0T0SY	01K5JHDC14N3NGPY807DJKZCDV	1107	2025-09-20 03:06:56.738000	2025-09-20 03:06:56.738000
01K5JHDK3H9S60YDDVMV3N3GYX	01K5JHDC14N3NGPY807DJKZCDV	1108	2025-09-20 03:06:57.083000	2025-09-20 03:06:57.083000
01K5JHDMHWM8JV0MQN54NE3FHF	01K5JHDKBF2RG0P1BCDQ20VR87	133	2025-09-20 03:06:58.567000	2025-09-20 03:06:58.567000
01K5JHDN529JVG758JJE8EPASQ	01K5JHDKBF2RG0P1BCDQ20VR87	134	2025-09-20 03:06:59.182000	2025-09-20 03:06:59.182000
01K5JHDNQF5YENSZB755C9RCT6	01K5JHDKBF2RG0P1BCDQ20VR87	135	2025-09-20 03:06:59.771000	2025-09-20 03:06:59.771000
01K5JHDPENZT3KFX5QXX73ME66	01K5JHDKBF2RG0P1BCDQ20VR87	136	2025-09-20 03:07:00.512000	2025-09-20 03:07:00.512000
01K5JHDQ1VS1126EXXJ35F7BTE	01K5JHDKBF2RG0P1BCDQ20VR87	137	2025-09-20 03:07:01.127000	2025-09-20 03:07:01.127000
01K5JHDQKC539PMTBDGG3N1W9B	01K5JHDKBF2RG0P1BCDQ20VR87	138	2025-09-20 03:07:01.685000	2025-09-20 03:07:01.685000
01K5JHDSN2CSEXA185E9VRNPXX	01K5JHDQZES94GEEZVVAZFSXHC	1085	2025-09-20 03:07:03.789000	2025-09-20 03:07:03.789000
01K5JHDTA0H1EYH2XG1E1J0MN0	01K5JHDQZES94GEEZVVAZFSXHC	1086	2025-09-20 03:07:04.460000	2025-09-20 03:07:04.460000
01K5JHDTXB5DN3AGFFA4HG1FNH	01K5JHDQZES94GEEZVVAZFSXHC	1087	2025-09-20 03:07:05.077000	2025-09-20 03:07:05.077000
01K5JHDVHWAW5AHFXHF1QP1HRJ	01K5JHDQZES94GEEZVVAZFSXHC	1088	2025-09-20 03:07:05.735000	2025-09-20 03:07:05.735000
01K5JHDW3C7K0S8KREXCRYNPM1	01K5JHDQZES94GEEZVVAZFSXHC	1089	2025-09-20 03:07:06.294000	2025-09-20 03:07:06.294000
01K5JHDWR929DRC52Y9X7347MS	01K5JHDQZES94GEEZVVAZFSXHC	1090	2025-09-20 03:07:06.964000	2025-09-20 03:07:06.964000
01K5JHDXD7D3090PDGF12BPJEJ	01K5JHDQZES94GEEZVVAZFSXHC	1091	2025-09-20 03:07:07.633000	2025-09-20 03:07:07.633000
01K5JHDXYCWJS6JESETG26FNHX	01K5JHDQZES94GEEZVVAZFSXHC	1092	2025-09-20 03:07:08.182000	2025-09-20 03:07:08.182000
01K5JHDYGGECY28XFTPSX7P0FM	01K5JHDQZES94GEEZVVAZFSXHC	1093	2025-09-20 03:07:08.762000	2025-09-20 03:07:08.762000
01K5JHDZ2E1QDF5K4S34HXH8FD	01K5JHDQZES94GEEZVVAZFSXHC	1094	2025-09-20 03:07:09.336000	2025-09-20 03:07:09.336000
01K5JHDZKFFWHXHCHNTFBDNJCZ	01K5JHDQZES94GEEZVVAZFSXHC	1095	2025-09-20 03:07:09.882000	2025-09-20 03:07:09.882000
01K5JHE04MZEZV3DTVXAN0261T	01K5JHDQZES94GEEZVVAZFSXHC	1096	2025-09-20 03:07:10.429000	2025-09-20 03:07:10.429000
01K5JHE22GMYQXHB7W957N8VCF	01K5JHE0HWWDS5QYW2XNED70QY	1097	2025-09-20 03:07:12.410000	2025-09-20 03:07:12.410000
01K5JHE2M7CJBN6XM5JAVNNNXM	01K5JHE0HWWDS5QYW2XNED70QY	1098	2025-09-20 03:07:12.979000	2025-09-20 03:07:12.979000
01K5JHE366HJJDMQ3QYYSZ4X9Y	01K5JHE0HWWDS5QYW2XNED70QY	1099	2025-09-20 03:07:13.553000	2025-09-20 03:07:13.553000
01K5JHE3VBRYQ1DW5K9ABP2FK4	01K5JHE0HWWDS5QYW2XNED70QY	1100	2025-09-20 03:07:14.229000	2025-09-20 03:07:14.229000
01K5JHE4DPQ19TZEC49GXA4E4J	01K5JHE0HWWDS5QYW2XNED70QY	1101	2025-09-20 03:07:14.818000	2025-09-20 03:07:14.818000
01K5JHE4ZEMHM751PNB8T5F3M5	01K5JHE0HWWDS5QYW2XNED70QY	1102	2025-09-20 03:07:15.385000	2025-09-20 03:07:15.385000
01K5JHE5KR0JKDTRE87P7D65N6	01K5JHE0HWWDS5QYW2XNED70QY	1103	2025-09-20 03:07:16.035000	2025-09-20 03:07:16.035000
01K5JHE656NYVJJYMM6ZHJ2ZBJ	01K5JHE0HWWDS5QYW2XNED70QY	1104	2025-09-20 03:07:16.593000	2025-09-20 03:07:16.593000
01K5JHE6QBW05DWXBM0RHJVRB8	01K5JHE0HWWDS5QYW2XNED70QY	1105	2025-09-20 03:07:17.173000	2025-09-20 03:07:17.173000
01K5JHE7AN3T5E1N1NDJVC5WP3	01K5JHE0HWWDS5QYW2XNED70QY	1106	2025-09-20 03:07:17.792000	2025-09-20 03:07:17.792000
01K5JHE7YPVA1G5NJ6QN40P6X1	01K5JHE0HWWDS5QYW2XNED70QY	1107	2025-09-20 03:07:18.433000	2025-09-20 03:07:18.433000
01K5JHE8HXB3XJSHDB05JGM0ME	01K5JHE0HWWDS5QYW2XNED70QY	1108	2025-09-20 03:07:19.048000	2025-09-20 03:07:19.048000
01K5JHEAN3W5H1TM29CE21FZA4	01K5JHE91WHST5ASHEQE6X1S8A	1109	2025-09-20 03:07:21.198000	2025-09-20 03:07:21.198000
01K5JHEBA1DS1HHX6HFMF3WDGZ	01K5JHE91WHST5ASHEQE6X1S8A	1110	2025-09-20 03:07:21.868000	2025-09-20 03:07:21.868000
01K5JHEBV5QCV309P58FNXXK2W	01K5JHE91WHST5ASHEQE6X1S8A	1111	2025-09-20 03:07:22.416000	2025-09-20 03:07:22.416000
01K5JHECEP1Q6T2S030WE63M17	01K5JHE91WHST5ASHEQE6X1S8A	1112	2025-09-20 03:07:23.042000	2025-09-20 03:07:23.042000
01K5JHED3NNZQFZ19MD6BQ3KNP	01K5JHE91WHST5ASHEQE6X1S8A	1113	2025-09-20 03:07:23.711000	2025-09-20 03:07:23.711000
01K5JHEDT2CTPDFZ4F96BSBJ0T	01K5JHE91WHST5ASHEQE6X1S8A	1114	2025-09-20 03:07:24.430000	2025-09-20 03:07:24.430000
01K5JHEEEPFF4FQWXN7S2DEDV4	01K5JHE91WHST5ASHEQE6X1S8A	1115	2025-09-20 03:07:25.090000	2025-09-20 03:07:25.090000
01K5JHEF0ENRFGRVJ7MZK4HRB6	01K5JHE91WHST5ASHEQE6X1S8A	1116	2025-09-20 03:07:25.656000	2025-09-20 03:07:25.656000
01K5JHEFKND2RNAMJMJP8GFX5Z	01K5JHE91WHST5ASHEQE6X1S8A	1117	2025-09-20 03:07:26.271000	2025-09-20 03:07:26.271000
01K5JHEG7BFNYNPDC53EQNFVP4	01K5JHE91WHST5ASHEQE6X1S8A	1118	2025-09-20 03:07:26.901000	2025-09-20 03:07:26.901000
01K5JHEGN3BSTF6P7BXKW03Z2E	01K5JHE91WHST5ASHEQE6X1S8A	1119	2025-09-20 03:07:27.343000	2025-09-20 03:07:27.343000
01K5JHEH0E836A3S5Z60S4MW0V	01K5JHE91WHST5ASHEQE6X1S8A	1120	2025-09-20 03:07:27.705000	2025-09-20 03:07:27.705000
01K5JHEJB0TG4FJE560MWQTYCQ	01K5JHEH89NG2DTYKQSHGPZC9P	1	2025-09-20 03:07:29.069000	2025-09-20 03:07:29.069000
01K5JHEJX83M9GXFMG4PJRDTEX	01K5JHEH89NG2DTYKQSHGPZC9P	2	2025-09-20 03:07:29.651000	2025-09-20 03:07:29.651000
01K5JHEKEEVDCM72TCHNEMY3FK	01K5JHEH89NG2DTYKQSHGPZC9P	3	2025-09-20 03:07:30.201000	2025-09-20 03:07:30.201000
01K5JHEM89GH5RRH3SYPDKGPG5	01K5JHEH89NG2DTYKQSHGPZC9P	4	2025-09-20 03:07:31.029000	2025-09-20 03:07:31.029000
01K5JHEPBGGK5420KHD35RSZKB	01K5JHEMMP2TYR4N0DCG3KFVTR	1	2025-09-20 03:07:33.180000	2025-09-20 03:07:33.180000
01K5JHEPX9CK0QTS4W3W5HATBF	01K5JHEMMP2TYR4N0DCG3KFVTR	2	2025-09-20 03:07:33.748000	2025-09-20 03:07:33.748000
01K5JHEQGFWHEFC8EFB76RMBG6	01K5JHEMMP2TYR4N0DCG3KFVTR	3	2025-09-20 03:07:34.363000	2025-09-20 03:07:34.363000
01K5JHER54MMRQ10ARWZK871QT	01K5JHEMMP2TYR4N0DCG3KFVTR	4	2025-09-20 03:07:35.022000	2025-09-20 03:07:35.022000
01K5JHERPWWJW0FM78D0XKWXSW	01K5JHEMMP2TYR4N0DCG3KFVTR	5	2025-09-20 03:07:35.591000	2025-09-20 03:07:35.591000
01K5JHES8B356XQB11TJ4Z6G9C	01K5JHEMMP2TYR4N0DCG3KFVTR	6	2025-09-20 03:07:36.150000	2025-09-20 03:07:36.150000
01K5JHESSS8A060M9CY5J40ZF1	01K5JHEMMP2TYR4N0DCG3KFVTR	7	2025-09-20 03:07:36.707000	2025-09-20 03:07:36.707000
01K5JHETB0W06QQV3R7HC3EVV2	01K5JHEMMP2TYR4N0DCG3KFVTR	8	2025-09-20 03:07:37.258000	2025-09-20 03:07:37.258000
01K5JHETYQXH92E2WX1B1TJXPG	01K5JHEMMP2TYR4N0DCG3KFVTR	9	2025-09-20 03:07:37.890000	2025-09-20 03:07:37.890000
01K5JHEVFV09P58AY64S0BDE1J	01K5JHEMMP2TYR4N0DCG3KFVTR	10	2025-09-20 03:07:38.438000	2025-09-20 03:07:38.438000
01K5JHEW53X9R0JF3HZZQ49G1M	01K5JHEMMP2TYR4N0DCG3KFVTR	11	2025-09-20 03:07:39.119000	2025-09-20 03:07:39.119000
01K5JHEWT48B1BXX1HTYEFBF8C	01K5JHEMMP2TYR4N0DCG3KFVTR	12	2025-09-20 03:07:39.792000	2025-09-20 03:07:39.792000
01K5JHEYZ97RCSRW50Q3QNP0KT	01K5JHEXBHQ6F3682W0KKCHDP4	1097	2025-09-20 03:07:42.005000	2025-09-20 03:07:42.005000
01K5JHEZG78SMEG6ATJB1RXQ5A	01K5JHEXBHQ6F3682W0KKCHDP4	1098	2025-09-20 03:07:42.546000	2025-09-20 03:07:42.546000
01K5JHF0195AK0BPSR9T02RZT1	01K5JHEXBHQ6F3682W0KKCHDP4	1099	2025-09-20 03:07:43.091000	2025-09-20 03:07:43.091000
01K5JHF0N3ZD5WJBTHEJY6S3GA	01K5JHEXBHQ6F3682W0KKCHDP4	1100	2025-09-20 03:07:43.727000	2025-09-20 03:07:43.727000
01K5JHF16FBZESV8W2MBC3XP46	01K5JHEXBHQ6F3682W0KKCHDP4	1101	2025-09-20 03:07:44.282000	2025-09-20 03:07:44.282000
01K5JHF1TNKHYRSZEWEGN08SRJ	01K5JHEXBHQ6F3682W0KKCHDP4	1102	2025-09-20 03:07:44.929000	2025-09-20 03:07:44.929000
01K5JHF2EPXPB8V908SQTZ5BJJ	01K5JHEXBHQ6F3682W0KKCHDP4	1103	2025-09-20 03:07:45.570000	2025-09-20 03:07:45.570000
01K5JHF31YW88ZPCEDTHT6EDT7	01K5JHEXBHQ6F3682W0KKCHDP4	1104	2025-09-20 03:07:46.186000	2025-09-20 03:07:46.186000
01K5JHF3KP7YHS5M3WDP5DBAE8	01K5JHEXBHQ6F3682W0KKCHDP4	1105	2025-09-20 03:07:46.755000	2025-09-20 03:07:46.755000
01K5JHF44PNPCRP33RNB7FCVSM	01K5JHEXBHQ6F3682W0KKCHDP4	1106	2025-09-20 03:07:47.296000	2025-09-20 03:07:47.296000
01K5JHF4NM7JKGMZWZ0A3E02PW	01K5JHEXBHQ6F3682W0KKCHDP4	1107	2025-09-20 03:07:47.838000	2025-09-20 03:07:47.838000
01K5JHF56KA8E6JZA3MK0P2RV6	01K5JHEXBHQ6F3682W0KKCHDP4	1108	2025-09-20 03:07:48.383000	2025-09-20 03:07:48.383000
01K5JHF6H69B7BY2RJQKBD1KYD	01K5JHF5NXAWJFA2YJFMTDTCM6	1	2025-09-20 03:07:49.744000	2025-09-20 03:07:49.744000
01K5JHF72C2270YZ7WQEK78KYV	01K5JHF5NXAWJFA2YJFMTDTCM6	2	2025-09-20 03:07:50.296000	2025-09-20 03:07:50.296000
01K5JHF7CF13S3WT0XDM0MRM9D	01K5JHF5NXAWJFA2YJFMTDTCM6	3	2025-09-20 03:07:50.617000	2025-09-20 03:07:50.617000
01K5JHF7PFNEABZZA7BAWD66V5	01K5JHF5NXAWJFA2YJFMTDTCM6	4	2025-09-20 03:07:50.938000	2025-09-20 03:07:50.938000
01K5JHF80G6WDHPHS94TZJ1CSA	01K5JHF5NXAWJFA2YJFMTDTCM6	5	2025-09-20 03:07:51.260000	2025-09-20 03:07:51.260000
01K5JHF8AJS8TA1FXATTP8TKW3	01K5JHF5NXAWJFA2YJFMTDTCM6	6	2025-09-20 03:07:51.581000	2025-09-20 03:07:51.581000
01K5JHF8N5QYRCGRKSARQ8PRPZ	01K5JHF5NXAWJFA2YJFMTDTCM6	7	2025-09-20 03:07:51.921000	2025-09-20 03:07:51.921000
01K5JHF8Z7RQ0RX1WMDSF7YJH8	01K5JHF5NXAWJFA2YJFMTDTCM6	8	2025-09-20 03:07:52.243000	2025-09-20 03:07:52.243000
01K5JHF9A3DEP69T8PHCXPTJ9N	01K5JHF5NXAWJFA2YJFMTDTCM6	9	2025-09-20 03:07:52.589000	2025-09-20 03:07:52.589000
01K5JHF9M3VQY92DP191YQ9TC1	01K5JHF5NXAWJFA2YJFMTDTCM6	10	2025-09-20 03:07:52.910000	2025-09-20 03:07:52.910000
01K5JHFB1XA8B69X393YB7367J	01K5JHF9S6T5VDY1ESG3VBW6ZD	1	2025-09-20 03:07:54.378000	2025-09-20 03:07:54.378000
01K5JHFBM9XEWBHFVXTWBAV5X4	01K5JHF9S6T5VDY1ESG3VBW6ZD	2	2025-09-20 03:07:54.965000	2025-09-20 03:07:54.965000
01K5JHFC8AH32CM8S8MBQ3KXMN	01K5JHF9S6T5VDY1ESG3VBW6ZD	3	2025-09-20 03:07:55.606000	2025-09-20 03:07:55.606000
01K5JHFCS9XDMYWKTMGRENF7CN	01K5JHF9S6T5VDY1ESG3VBW6ZD	4	2025-09-20 03:07:56.151000	2025-09-20 03:07:56.151000
01K5JHFDBQT38GJNRKNV12QPD1	01K5JHF9S6T5VDY1ESG3VBW6ZD	5	2025-09-20 03:07:56.739000	2025-09-20 03:07:56.739000
01K5JHFDWWM0723ES3CR9TZWNK	01K5JHF9S6T5VDY1ESG3VBW6ZD	6	2025-09-20 03:07:57.287000	2025-09-20 03:07:57.287000
01K5JHFFC0SA0MQZ7E48A62RDP	01K5JHFE8TY9TMKA93W4A2GHVM	1	2025-09-20 03:07:58.795000	2025-09-20 03:07:58.795000
01K5JHFFYQZR1YKNYKPK2K2YWC	01K5JHFE8TY9TMKA93W4A2GHVM	2	2025-09-20 03:07:59.395000	2025-09-20 03:07:59.395000
01K5JHFGHX83644Y3WSPQDKS49	01K5JHFE8TY9TMKA93W4A2GHVM	3	2025-09-20 03:08:00.009000	2025-09-20 03:08:00.009000
01K5JHFH4J2FKN25QBY3C5EBKY	01K5JHFE8TY9TMKA93W4A2GHVM	4	2025-09-20 03:08:00.604000	2025-09-20 03:08:00.604000
01K5JHFJGYW7SRE4EB7KPCHNHK	01K5JHFHGQVWXJBY8GEEXNMR3Y	1	2025-09-20 03:08:02.025000	2025-09-20 03:08:02.025000
01K5JHFK2A9RYWGMNR64YPX8EF	01K5JHFHGQVWXJBY8GEEXNMR3Y	2	2025-09-20 03:08:02.580000	2025-09-20 03:08:02.580000
01K5JHFKN5SZ5S6D77H5G23AYP	01K5JHFHGQVWXJBY8GEEXNMR3Y	3	2025-09-20 03:08:03.184000	2025-09-20 03:08:03.184000
01K5JHFM8AWYMWFBT0KVAZQG1Y	01K5JHFHGQVWXJBY8GEEXNMR3Y	4	2025-09-20 03:08:03.798000	2025-09-20 03:08:03.798000
01K5JHFNEHT4PPQS1ZZKJA11QM	01K5JHFMDE60P8Q6WPTW4QADS2	1	2025-09-20 03:08:05.019000	2025-09-20 03:08:05.019000
01K5JHH5963YTR023RR2GFK962	01K5JHH49QT0CFMP5S1V3D01ZX	5	2025-09-20 03:08:53.998000	2025-09-20 03:08:53.998000
01K5JHH5TFGTP9TRVM15G7QFW4	01K5JHH49QT0CFMP5S1V3D01ZX	6	2025-09-20 03:08:54.554000	2025-09-20 03:08:54.554000
01K5JHH6BF0CFTYFVJTA56TBGG	01K5JHH49QT0CFMP5S1V3D01ZX	7	2025-09-20 03:08:55.100000	2025-09-20 03:08:55.100000
01K5JHH6NF8ECVZWBM5QSD7P58	01K5JHH49QT0CFMP5S1V3D01ZX	8	2025-09-20 03:08:55.417000	2025-09-20 03:08:55.417000
01K5JHHAKQFC99R7ZKW3Y7ZN4X	01K5JHH9KNKWBYM9SJPXKZ1X3C	1085	2025-09-20 03:08:59.456000	2025-09-20 03:08:59.456000
01K5JHHB4NWN1NXHJPVDW208R0	01K5JHH9KNKWBYM9SJPXKZ1X3C	1086	2025-09-20 03:08:59.998000	2025-09-20 03:08:59.998000
01K5JHHBQ9YFR1Q4CB8GJ5XDNM	01K5JHH9KNKWBYM9SJPXKZ1X3C	1087	2025-09-20 03:09:00.593000	2025-09-20 03:09:00.593000
01K5JHHC8D0036373DQQMM3WP6	01K5JHH9KNKWBYM9SJPXKZ1X3C	1088	2025-09-20 03:09:01.142000	2025-09-20 03:09:01.142000
01K5JHHCMD8AY1GKASDTAMY9Z8	01K5JHH9KNKWBYM9SJPXKZ1X3C	1089	2025-09-20 03:09:01.525000	2025-09-20 03:09:01.525000
01K5JHHCYJFW7HKSQMVPE2M20F	01K5JHH9KNKWBYM9SJPXKZ1X3C	1090	2025-09-20 03:09:01.851000	2025-09-20 03:09:01.851000
01K5JHHD8JHS5B4BNPXAT15T4D	01K5JHH9KNKWBYM9SJPXKZ1X3C	1091	2025-09-20 03:09:02.171000	2025-09-20 03:09:02.171000
01K5JHHDJE85TR0W770534G6Y6	01K5JHH9KNKWBYM9SJPXKZ1X3C	1092	2025-09-20 03:09:02.489000	2025-09-20 03:09:02.489000
01K5JHHDWG7Q89VJ7YWVNV6D1X	01K5JHH9KNKWBYM9SJPXKZ1X3C	1093	2025-09-20 03:09:02.810000	2025-09-20 03:09:02.810000
01K5JHHE6F6YK6HY0R7GNH1M92	01K5JHH9KNKWBYM9SJPXKZ1X3C	1094	2025-09-20 03:09:03.129000	2025-09-20 03:09:03.129000
01K5JHHEJ0QM4ENTPPW618V1XN	01K5JHH9KNKWBYM9SJPXKZ1X3C	1095	2025-09-20 03:09:03.497000	2025-09-20 03:09:03.497000
01K5JHHEW39X04G9PNTP58Z329	01K5JHH9KNKWBYM9SJPXKZ1X3C	1096	2025-09-20 03:09:03.820000	2025-09-20 03:09:03.820000
01K5JHHNXR9SDWJBQMX3WXKY59	01K5JHHMRH55AW2WATME7KN10A	1	2025-09-20 03:09:11.041000	2025-09-20 03:09:11.041000
01K5JHHPHRE2QGRJSFYRMMGF69	01K5JHHMRH55AW2WATME7KN10A	2	2025-09-20 03:09:11.681000	2025-09-20 03:09:11.681000
01K5JHHQ4D50S8F6DD6XZ2E67W	01K5JHHMRH55AW2WATME7KN10A	3	2025-09-20 03:09:12.280000	2025-09-20 03:09:12.280000
01K5JHHQNH690P125SWHBH4VCN	01K5JHHMRH55AW2WATME7KN10A	4	2025-09-20 03:09:12.826000	2025-09-20 03:09:12.826000
01K5JHHR6E69XDWEX13FKVMWGK	01K5JHHMRH55AW2WATME7KN10A	5	2025-09-20 03:09:13.367000	2025-09-20 03:09:13.367000
01K5JHHRQ8XR3KXF9ZWCDQ8CJB	01K5JHHMRH55AW2WATME7KN10A	6	2025-09-20 03:09:13.907000	2025-09-20 03:09:13.907000
01K5JHJ18DZEGQCE9QHAYGJY1Q	01K5JHJ0B7ZDK8AC973QC98XZK	41	2025-09-20 03:09:22.648000	2025-09-20 03:09:22.648000
01K5JHKX0V1P9ZAT0BGGMNDRRY	01K5JHKVH5KQJ7YSMW3P5NHCP6	1121	2025-09-20 03:10:23.848000	2025-09-20 03:10:23.848000
01K5JHKXHYREQ650NXF1QDEG8G	01K5JHKVH5KQJ7YSMW3P5NHCP6	1122	2025-09-20 03:10:24.393000	2025-09-20 03:10:24.393000
01K5JHKY2N24K61CTE83D0EJ1Y	01K5JHKVH5KQJ7YSMW3P5NHCP6	1123	2025-09-20 03:10:24.928000	2025-09-20 03:10:24.928000
01K5JHKYKSH7F7R8A7REV4TTTE	01K5JHKVH5KQJ7YSMW3P5NHCP6	1124	2025-09-20 03:10:25.477000	2025-09-20 03:10:25.477000
01K5JHKZ4RKJVC45CKCF7V1C4Y	01K5JHKVH5KQJ7YSMW3P5NHCP6	1125	2025-09-20 03:10:26.020000	2025-09-20 03:10:26.020000
01K5JHKZNQZ14KK90Q3V543K7N	01K5JHKVH5KQJ7YSMW3P5NHCP6	1126	2025-09-20 03:10:26.563000	2025-09-20 03:10:26.563000
01K5JHM06NCAFM4PKPAQPPJW04	01K5JHKVH5KQJ7YSMW3P5NHCP6	1127	2025-09-20 03:10:27.106000	2025-09-20 03:10:27.106000
01K5JHM0QJDE40KMTM4GHSGYDW	01K5JHKVH5KQJ7YSMW3P5NHCP6	1128	2025-09-20 03:10:27.647000	2025-09-20 03:10:27.647000
01K5JHM18X5FKF0RYKF8A4J98R	01K5JHKVH5KQJ7YSMW3P5NHCP6	1129	2025-09-20 03:10:28.202000	2025-09-20 03:10:28.202000
01K5JHM1TCRFMXQ5J87CHZ00EX	01K5JHKVH5KQJ7YSMW3P5NHCP6	1130	2025-09-20 03:10:28.760000	2025-09-20 03:10:28.760000
01K5JHM2BD0TEJ0X74H2G217MR	01K5JHKVH5KQJ7YSMW3P5NHCP6	1131	2025-09-20 03:10:29.306000	2025-09-20 03:10:29.306000
01K5JHM2WDQD76WP3HE0W60X0Y	01K5JHKVH5KQJ7YSMW3P5NHCP6	1132	2025-09-20 03:10:29.848000	2025-09-20 03:10:29.848000
01K5JHNM5A589M2ETR7HS16MEM	01K5JHNJHX0DTGY8W6DKGZC8RX	1121	2025-09-20 03:11:20.310000	2025-09-20 03:11:20.310000
01K5JHNMP39MSVGBTVGZWA27AN	01K5JHNJHX0DTGY8W6DKGZC8RX	1122	2025-09-20 03:11:20.846000	2025-09-20 03:11:20.846000
01K5JHNN752MX1MVJEAP3WR7XW	01K5JHNJHX0DTGY8W6DKGZC8RX	1123	2025-09-20 03:11:21.392000	2025-09-20 03:11:21.392000
01K5JHNNRJVDR7NC65W9DYH6H7	01K5JHNJHX0DTGY8W6DKGZC8RX	1124	2025-09-20 03:11:21.953000	2025-09-20 03:11:21.953000
01K5JHNPAW2304JSWMCW5KBF4Q	01K5JHNJHX0DTGY8W6DKGZC8RX	1125	2025-09-20 03:11:22.534000	2025-09-20 03:11:22.534000
01K5JHNPW4K688D4GMVY3DSX9Z	01K5JHNJHX0DTGY8W6DKGZC8RX	1126	2025-09-20 03:11:23.087000	2025-09-20 03:11:23.087000
01K5JHNQE7GXDTKTD5W91JPZWS	01K5JHNJHX0DTGY8W6DKGZC8RX	1127	2025-09-20 03:11:23.666000	2025-09-20 03:11:23.666000
01K5JHNR25ZE6GVG6TJ046R2FE	01K5JHNJHX0DTGY8W6DKGZC8RX	1128	2025-09-20 03:11:24.305000	2025-09-20 03:11:24.305000
01K5JHNRK3RGJ0YATTFNQBHYXB	01K5JHNJHX0DTGY8W6DKGZC8RX	1129	2025-09-20 03:11:24.847000	2025-09-20 03:11:24.847000
01K5JHNS716B199GCFC1NC79A7	01K5JHNJHX0DTGY8W6DKGZC8RX	1130	2025-09-20 03:11:25.484000	2025-09-20 03:11:25.484000
01K5JHNSRCYTYETWQJNBJMQG0V	01K5JHNJHX0DTGY8W6DKGZC8RX	1131	2025-09-20 03:11:26.038000	2025-09-20 03:11:26.038000
01K5JHNT9YEJ1GHFBKCKTHQJVY	01K5JHNJHX0DTGY8W6DKGZC8RX	1132	2025-09-20 03:11:26.600000	2025-09-20 03:11:26.600000
01K5JHNW69BY61WE7TFYSKWXB5	01K5JHNTNTCGG3BSSADN8QYPF4	1133	2025-09-20 03:11:28.531000	2025-09-20 03:11:28.531000
01K5JHNWQP78NE1JE55WRP6M9H	01K5JHNTNTCGG3BSSADN8QYPF4	1134	2025-09-20 03:11:29.089000	2025-09-20 03:11:29.089000
01K5JHNX8HD10JV3FFF3KN0GNP	01K5JHNTNTCGG3BSSADN8QYPF4	1135	2025-09-20 03:11:29.629000	2025-09-20 03:11:29.629000
01K5JHNXVJG5F2067XY0TJ4GY4	01K5JHNTNTCGG3BSSADN8QYPF4	1136	2025-09-20 03:11:30.237000	2025-09-20 03:11:30.237000
01K5JHNYCDM851CMTX1XGHBQZD	01K5JHNTNTCGG3BSSADN8QYPF4	1137	2025-09-20 03:11:30.775000	2025-09-20 03:11:30.775000
01K5JHNYXDKCXRJ3TMFRF35CTQ	01K5JHNTNTCGG3BSSADN8QYPF4	1138	2025-09-20 03:11:31.321000	2025-09-20 03:11:31.321000
01K5JHNZE45F90C19E8ZY90363	01K5JHNTNTCGG3BSSADN8QYPF4	1139	2025-09-20 03:11:31.854000	2025-09-20 03:11:31.854000
01K5JHNZYT1XERDR5PTR99TTAK	01K5JHNTNTCGG3BSSADN8QYPF4	1140	2025-09-20 03:11:32.390000	2025-09-20 03:11:32.390000
01K5JHP0FVXT3Y1PWW01871P0W	01K5JHNTNTCGG3BSSADN8QYPF4	1141	2025-09-20 03:11:32.935000	2025-09-20 03:11:32.935000
01K5JHP10Y413BK5A6G4DKG8DN	01K5JHNTNTCGG3BSSADN8QYPF4	1142	2025-09-20 03:11:33.482000	2025-09-20 03:11:33.482000
01K5JHP1JSFBT850GNWDHTNAXS	01K5JHNTNTCGG3BSSADN8QYPF4	1143	2025-09-20 03:11:34.053000	2025-09-20 03:11:34.053000
01K5JHP254YQEQ5TS78QKGVRP1	01K5JHNTNTCGG3BSSADN8QYPF4	1144	2025-09-20 03:11:34.639000	2025-09-20 03:11:34.639000
01K5JHP49TE80GAAXTWW0B4KQY	01K5JHP360JKVZM1MVGAWJ2E74	1	2025-09-20 03:11:36.837000	2025-09-20 03:11:36.837000
01K5JHP4TQ6KPR3Z7418T28F9N	01K5JHP360JKVZM1MVGAWJ2E74	2	2025-09-20 03:11:37.377000	2025-09-20 03:11:37.377000
01K5JHP5DE9YCVBFF6K0QQZ7RT	01K5JHP360JKVZM1MVGAWJ2E74	3	2025-09-20 03:11:37.979000	2025-09-20 03:11:37.979000
01K5JHP619BA3P9EMWS0RCT8F3	01K5JHP360JKVZM1MVGAWJ2E74	4	2025-09-20 03:11:38.611000	2025-09-20 03:11:38.611000
01K5JHP6KDCBVJQT5MMCXBDBB7	01K5JHP360JKVZM1MVGAWJ2E74	5	2025-09-20 03:11:39.192000	2025-09-20 03:11:39.192000
01K5JHP743D1RA4SD735RJ97GX	01K5JHP360JKVZM1MVGAWJ2E74	6	2025-09-20 03:11:39.726000	2025-09-20 03:11:39.726000
01K5JHPEAYV61RMKRNFNJ54N39	01K5JHPD77W4KHC57WNDBNJEQR	1	2025-09-20 03:11:47.113000	2025-09-20 03:11:47.113000
01K5JHPEXFVNTGF9JDR7BWG7G3	01K5JHPD77W4KHC57WNDBNJEQR	2	2025-09-20 03:11:47.705000	2025-09-20 03:11:47.705000
01K5JHPFEYVD991R6WSC73BV7M	01K5JHPD77W4KHC57WNDBNJEQR	3	2025-09-20 03:11:48.267000	2025-09-20 03:11:48.267000
01K5JHPG0NCD6PMHYS9RFCAXJG	01K5JHPD77W4KHC57WNDBNJEQR	4	2025-09-20 03:11:48.833000	2025-09-20 03:11:48.833000
01K5JHQ69AEJCXKF656M03BGHC	01K5JHQ5CT0SEN2WMBT1YKRHRY	1	2025-09-20 03:12:11.637000	2025-09-20 03:12:11.637000
01K5JHQ78WWEEFEX0TG44HQ0E0	01K5JHQ6EZX0944PDRJ11ASMEP	1	2025-09-20 03:12:12.647000	2025-09-20 03:12:12.647000
01K5JHQDDN0E0V9G6479QSWZ52	01K5JHQCGASDGMWC14JAS1T4GX	95	2025-09-20 03:12:18.946000	2025-09-20 03:12:18.946000
01K5JJ39D4GFY9WWQ1Y1W9ADEH	01K5JJ38KZSWBEHSJXWHR934C2	75	2025-09-20 03:18:48.050000	2025-09-20 03:18:48.050000
01K5R2D9J0AKBT3D50VZVS1VXV	01K5R2D83HKGY1ZKP14EGG3QKY	1085	2025-09-22 06:40:05.260000	2025-09-22 06:40:05.260000
01K5R2DA35AV34RBA0S0B1FA23	01K5R2D83HKGY1ZKP14EGG3QKY	1086	2025-09-22 06:40:05.809000	2025-09-22 06:40:05.809000
01K5R2DAMGZ3TQ8CJQWRPDBKYM	01K5R2D83HKGY1ZKP14EGG3QKY	1087	2025-09-22 06:40:06.364000	2025-09-22 06:40:06.364000
01K5R2DB68681EAKT75VQM43ZY	01K5R2D83HKGY1ZKP14EGG3QKY	1088	2025-09-22 06:40:06.931000	2025-09-22 06:40:06.931000
01K5R2DBQFMTM8PQ7ZPRHG2FH1	01K5R2D83HKGY1ZKP14EGG3QKY	1089	2025-09-22 06:40:07.483000	2025-09-22 06:40:07.483000
01K5R2DC8MR3R574Z00MCX7Q3J	01K5R2D83HKGY1ZKP14EGG3QKY	1090	2025-09-22 06:40:08.031000	2025-09-22 06:40:08.031000
01K5R2DCSTH7TMANCHSCAFQASY	01K5R2D83HKGY1ZKP14EGG3QKY	1091	2025-09-22 06:40:08.583000	2025-09-22 06:40:08.583000
01K5R2DDBHYPG0KZ4K48R5E4HB	01K5R2D83HKGY1ZKP14EGG3QKY	1092	2025-09-22 06:40:09.147000	2025-09-22 06:40:09.147000
01K5R2DDWBPZABJT37GVA8E76Y	01K5R2D83HKGY1ZKP14EGG3QKY	1093	2025-09-22 06:40:09.686000	2025-09-22 06:40:09.686000
01K5R2DED8E72J9ZQ416Y5YGWW	01K5R2D83HKGY1ZKP14EGG3QKY	1094	2025-09-22 06:40:10.227000	2025-09-22 06:40:10.227000
01K5R2DEYDNMACBVAMDW78B2WP	01K5R2D83HKGY1ZKP14EGG3QKY	1095	2025-09-22 06:40:10.776000	2025-09-22 06:40:10.776000
01K5R2DF8B1C4KD2941GD12C7N	01K5R2D83HKGY1ZKP14EGG3QKY	1096	2025-09-22 06:40:11.094000	2025-09-22 06:40:11.094000
01K5T2N2F7Z0H861JXTDTMSKAQ	01K5T2N1N1KBN6Q08871V0XHAB	1	2025-09-23 01:22:49.010000	2025-09-23 01:22:49.010000
01K5T2PFW1CJ3P43DS5QD874X7	01K5T2PEXCRBRPK28NTZ7FX13K	48	2025-09-23 01:23:35.501000	2025-09-23 01:23:35.501000
01K5TCX4524KKV1SF03RMR0XDT	01K5TCX2J45VN7MDF58P2PC2A4	1121	2025-09-23 04:21:58.696000	2025-09-23 04:21:58.696000
01K5TCX4R7NYA1VR37R1MZX83G	01K5TCX2J45VN7MDF58P2PC2A4	1122	2025-09-23 04:21:59.310000	2025-09-23 04:21:59.310000
01K5TCX5BERQJ2ZFZE25VXDCQV	01K5TCX2J45VN7MDF58P2PC2A4	1123	2025-09-23 04:21:59.925000	2025-09-23 04:21:59.925000
01K5TCX60B6Z1X8357CSQZFTN1	01K5TCX2J45VN7MDF58P2PC2A4	1124	2025-09-23 04:22:00.595000	2025-09-23 04:22:00.595000
01K5TCX6R7DAX6CBPYJTECA64P	01K5TCX2J45VN7MDF58P2PC2A4	1125	2025-09-23 04:22:01.357000	2025-09-23 04:22:01.357000
01K5TCX7D4DQ4EJQJJA13WJHJA	01K5TCX2J45VN7MDF58P2PC2A4	1126	2025-09-23 04:22:02.028000	2025-09-23 04:22:02.028000
01K5TCX83W2V61275F91WQ2ZQK	01K5TCX2J45VN7MDF58P2PC2A4	1127	2025-09-23 04:22:02.754000	2025-09-23 04:22:02.754000
01K5TCX8VEGAN9HX2124Y2XZ5P	01K5TCX2J45VN7MDF58P2PC2A4	1128	2025-09-23 04:22:03.507000	2025-09-23 04:22:03.507000
01K5TCX9EMXGZK1C1ER5PC6RE6	01K5TCX2J45VN7MDF58P2PC2A4	1129	2025-09-23 04:22:04.123000	2025-09-23 04:22:04.123000
01K5TCXA1VJ37KXA2H80WZ6X43	01K5TCX2J45VN7MDF58P2PC2A4	1130	2025-09-23 04:22:04.737000	2025-09-23 04:22:04.737000
01K5TCXAJPK1XKW56R83QR55X1	01K5TCX2J45VN7MDF58P2PC2A4	1131	2025-09-23 04:22:05.275000	2025-09-23 04:22:05.275000
01K5TCXB6Q1Z9DXMY07TF93K6V	01K5TCX2J45VN7MDF58P2PC2A4	1132	2025-09-23 04:22:05.919000	2025-09-23 04:22:05.919000
01K5TCYGSYH4C1D62G9NE2C8A2	01K5TCYF8FDKC2BD2VY0P3YWH2	1121	2025-09-23 04:22:44.423000	2025-09-23 04:22:44.423000
01K5TCYHCCFZ4VWSEC42B50RQD	01K5TCYF8FDKC2BD2VY0P3YWH2	1122	2025-09-23 04:22:45.011000	2025-09-23 04:22:45.011000
01K5TCYJ0CP02ZFDDP85JXHHKZ	01K5TCYF8FDKC2BD2VY0P3YWH2	1123	2025-09-23 04:22:45.653000	2025-09-23 04:22:45.653000
01K5TCYJH9H1GGNR38EQFD5EM1	01K5TCYF8FDKC2BD2VY0P3YWH2	1124	2025-09-23 04:22:46.192000	2025-09-23 04:22:46.192000
01K5TCYK217YF82B6NDEED1HQ3	01K5TCYF8FDKC2BD2VY0P3YWH2	1125	2025-09-23 04:22:46.728000	2025-09-23 04:22:46.728000
01K5TCYKN1RYZTE461VAP54JQ3	01K5TCYF8FDKC2BD2VY0P3YWH2	1126	2025-09-23 04:22:47.337000	2025-09-23 04:22:47.337000
01K5TCYM76MW6JC244DS4F0VCB	01K5TCYF8FDKC2BD2VY0P3YWH2	1127	2025-09-23 04:22:47.916000	2025-09-23 04:22:47.916000
01K5TCYMQRPSKJ6GQR346XJMYW	01K5TCYF8FDKC2BD2VY0P3YWH2	1128	2025-09-23 04:22:48.446000	2025-09-23 04:22:48.446000
01K5TCYN8P962MM70SACNDF2PK	01K5TCYF8FDKC2BD2VY0P3YWH2	1129	2025-09-23 04:22:48.989000	2025-09-23 04:22:48.989000
01K5TCYNTRP159SCAK9YGFCT21	01K5TCYF8FDKC2BD2VY0P3YWH2	1130	2025-09-23 04:22:49.567000	2025-09-23 04:22:49.567000
01K5TCYPDX8Z9W0Y2XDP3JYPQZ	01K5TCYF8FDKC2BD2VY0P3YWH2	1131	2025-09-23 04:22:50.179000	2025-09-23 04:22:50.179000
01K5TCYQ0B2RFPV1KDHV4KQD3Y	01K5TCYF8FDKC2BD2VY0P3YWH2	1132	2025-09-23 04:22:50.769000	2025-09-23 04:22:50.769000
01K5TCZM6RKBY7TRJFXKHCNBXK	01K5TCZK2CV47R02X5MQKTJF1G	1	2025-09-23 04:23:20.673000	2025-09-23 04:23:20.673000
01K5TCZMVGBTWEVJB839BQ9B52	01K5TCZK2CV47R02X5MQKTJF1G	2	2025-09-23 04:23:21.336000	2025-09-23 04:23:21.336000
01K5TCZNDM73HHDCAZZWHA1PHH	01K5TCZK2CV47R02X5MQKTJF1G	3	2025-09-23 04:23:21.916000	2025-09-23 04:23:21.916000
01K5TCZNYPX401K7XF37FC30MF	01K5TCZK2CV47R02X5MQKTJF1G	4	2025-09-23 04:23:22.460000	2025-09-23 04:23:22.460000
01K5TCZXS70WH1NS3TCW9XXKHT	01K5TCZW93QZ6NHQ6AV07JZEMM	97	2025-09-23 04:23:30.478000	2025-09-23 04:23:30.478000
01K5TCZYA2M8BHH4MF71GVHA31	01K5TCZW93QZ6NHQ6AV07JZEMM	98	2025-09-23 04:23:31.017000	2025-09-23 04:23:31.017000
01K5TCZYTP9CFS087PKE910438	01K5TCZW93QZ6NHQ6AV07JZEMM	99	2025-09-23 04:23:31.549000	2025-09-23 04:23:31.549000
01K5TCZZBA9VA9A1NNHQW822P8	01K5TCZW93QZ6NHQ6AV07JZEMM	100	2025-09-23 04:23:32.081000	2025-09-23 04:23:32.081000
01K5TCZZXWAZ3TBBXK4CVMPATT	01K5TCZW93QZ6NHQ6AV07JZEMM	101	2025-09-23 04:23:32.674000	2025-09-23 04:23:32.674000
01K5TD00ESZP8SC6A2WCP0GMWC	01K5TCZW93QZ6NHQ6AV07JZEMM	102	2025-09-23 04:23:33.218000	2025-09-23 04:23:33.218000
01K5TD011XGQBZVHMCSEAPCS7V	01K5TCZW93QZ6NHQ6AV07JZEMM	103	2025-09-23 04:23:33.828000	2025-09-23 04:23:33.828000
01K5TD01JM1259C0G6GSZC6DS9	01K5TCZW93QZ6NHQ6AV07JZEMM	104	2025-09-23 04:23:34.362000	2025-09-23 04:23:34.362000
01K5TD028AXAKSJSYZ9C0VD75F	01K5TCZW93QZ6NHQ6AV07JZEMM	105	2025-09-23 04:23:35.057000	2025-09-23 04:23:35.057000
01K5TD02TM63X04EF16Z1VVG89	01K5TCZW93QZ6NHQ6AV07JZEMM	106	2025-09-23 04:23:35.643000	2025-09-23 04:23:35.643000
01K5TD03C5K3NNZFWN1J15HN6V	01K5TCZW93QZ6NHQ6AV07JZEMM	107	2025-09-23 04:23:36.206000	2025-09-23 04:23:36.206000
01K5TD03X7DP0XYSFQ0FPZ0038	01K5TCZW93QZ6NHQ6AV07JZEMM	108	2025-09-23 04:23:36.751000	2025-09-23 04:23:36.751000
01K5TD05PZD7VS1SP1PVPWW1SJ	01K5TD04940X8CMA7PBJ6N7HCG	133	2025-09-23 04:23:38.600000	2025-09-23 04:23:38.600000
01K5TD0689SDTYRFZW00VQFX26	01K5TD04940X8CMA7PBJ6N7HCG	134	2025-09-23 04:23:39.153000	2025-09-23 04:23:39.153000
01K5TD06SGPQB7EASH99B457AT	01K5TD04940X8CMA7PBJ6N7HCG	140	2025-09-23 04:23:39.704000	2025-09-23 04:23:39.704000
01K5TD07AGBJK9T8N65PN6WFSE	01K5TD04940X8CMA7PBJ6N7HCG	143	2025-09-23 04:23:40.247000	2025-09-23 04:23:40.247000
01K5TD07W9SBYTW70QF3V83TT9	01K5TD04940X8CMA7PBJ6N7HCG	1139	2025-09-23 04:23:40.816000	2025-09-23 04:23:40.816000
01K5TD08D828NX9MRB01SANBVX	01K5TD04940X8CMA7PBJ6N7HCG	1140	2025-09-23 04:23:41.359000	2025-09-23 04:23:41.359000
01K5TD08XT070V8WBYPTQ5VGYT	01K5TD04940X8CMA7PBJ6N7HCG	1141	2025-09-23 04:23:41.888000	2025-09-23 04:23:41.888000
01K5TD09EP6WRJSJSBQECHEXZM	01K5TD04940X8CMA7PBJ6N7HCG	1142	2025-09-23 04:23:42.430000	2025-09-23 04:23:42.430000
01K5TD09ZE4X5T64B2M8JSE44J	01K5TD04940X8CMA7PBJ6N7HCG	1143	2025-09-23 04:23:42.967000	2025-09-23 04:23:42.967000
01K5TD0AGHY40EH0E923F056N6	01K5TD04940X8CMA7PBJ6N7HCG	1144	2025-09-23 04:23:43.511000	2025-09-23 04:23:43.511000
01K5TD0MTB861087NG2MV462V9	01K5TD0KYKAGG42A1YHG5R6R97	56	2025-09-23 04:23:54.066000	2025-09-23 04:23:54.066000
\.

--
-- Data for Name: pace_score; Type: TABLE DATA; Schema: public; Owner: admin
--

COPY public.pace_score (id, student_id, pace_id, score, score_date, cenz_result_id, created_at, updated_at) FROM stdin;
01K5JHB74SR06870JM4J3FG5YK	4917	01K5JHB6XJ0X9DAH40S8GHHCP9	99.50	2022-07-26 12:00:00.000000	439889	2025-09-20 03:05:39.300000	2025-09-20 03:05:39.300000
01K5JHB7Q3QR7514BCBA8849GZ	4917	01K5JHB7G8ZZ7TPRJ2K417D4XC	80.00	2023-02-02 13:00:00.000000	439890	2025-09-20 03:05:39.885000	2025-09-20 03:05:39.885000
01K5JHB88A2MX1TH2KQBPVVE83	4917	01K5JHB8125G93RZ94S8Z2V4BW	95.00	2023-04-26 12:00:00.000000	439891	2025-09-20 03:05:40.437000	2025-09-20 03:05:40.437000
01K5JHB8T13WCSSTG6V2C14A6B	4917	01K5JHB8JWG2GVAKVVG0YGJM52	97.00	2023-09-01 12:00:00.000000	439892	2025-09-20 03:05:41.003000	2025-09-20 03:05:41.003000
01K5JHB9BYEQGBEG72ASY2GSPS	4917	01K5JHB94ZKPJ969SY2Q2R5ET0	92.50	2024-02-28 13:00:00.000000	440931	2025-09-20 03:05:41.577000	2025-09-20 03:05:41.577000
01K5JHB9WV6M8ZKBDXT511M73R	4917	01K5JHB9NV91D4DS9W1D2NCQET	90.00	2024-03-28 13:00:00.000000	443477	2025-09-20 03:05:42.118000	2025-09-20 03:05:42.118000
01K5JHBADZ0K2D1RYTD16M5K41	4917	01K5JHBA6VVKMYZXXTZG2P9R46	96.00	2024-05-17 12:00:00.000000	447670	2025-09-20 03:05:42.665000	2025-09-20 03:05:42.665000
01K5JHBAZ31CBBZDVVQSK95FW1	4917	01K5JHBAR6Q4873JYHQE6K0QWX	90.50	2024-06-10 12:00:00.000000	449475	2025-09-20 03:05:43.213000	2025-09-20 03:05:43.213000
01K5JHBBHZFR2XNN0YJ7780P82	4917	01K5JHBBADE8FYM7NWTJJDGC03	90.00	2024-07-02 12:00:00.000000	451244	2025-09-20 03:05:43.818000	2025-09-20 03:05:43.818000
01K5JHBC2R32ZG26W6NFRRFKN6	4917	01K5JHBBVXY5Q7VE182CFGHP8Z	80.00	2024-08-08 12:00:00.000000	454132	2025-09-20 03:05:44.355000	2025-09-20 03:05:44.355000
01K5JHBCPBKV5FTT5QGB1ZQ5VG	4917	01K5JHBCFFEYPHS7ZNRJERHQPC	93.50	2024-09-05 12:00:00.000000	456645	2025-09-20 03:05:44.981000	2025-09-20 03:05:44.981000
01K5JHBD7PH1JK8BWQBT5WDYE4	4917	01K5JHBD0T7B70ZPKGSCSYY64Q	100.00	2024-09-23 12:00:00.000000	458008	2025-09-20 03:05:45.537000	2025-09-20 03:05:45.537000
01K5JHBF325NB3QBC6VHDM69CS	4917	01K5JHBEW8K60WKB33TYWENDC9	89.00	2024-11-04 13:00:00.000000	461042	2025-09-20 03:05:47.438000	2025-09-20 03:05:47.438000
01K5JHBFNFNBZSMWNQWH6A0D86	4917	01K5JHBFEJKZTB3CW7V8AYV61K	96.00	2024-11-22 13:00:00.000000	462830	2025-09-20 03:05:48.024000	2025-09-20 03:05:48.024000
01K5JHBG9XHRR0KD0V1H9V6JXN	4917	01K5JHBG0BK9TKBKMAKNHRZN93	98.50	2025-02-10 13:00:00.000000	468052	2025-09-20 03:05:48.680000	2025-09-20 03:05:48.680000
01K5JHBGZJHJV5EYE67B8P7664	4917	01K5JHBGR6JB46VQFSK866W8TT	96.00	2025-02-28 13:00:00.000000	471508	2025-09-20 03:05:49.373000	2025-09-20 03:05:49.373000
01K5JHBHGGDMQB7ZRM9PW1NYW5	4917	01K5JHBH9GEFFP6A9VJHQH9RA3	87.00	2025-03-20 13:00:00.000000	471509	2025-09-20 03:05:49.915000	2025-09-20 03:05:49.915000
01K5JHBJ3WBC56ZH86Y48TNFDK	4917	01K5JHBHX227TW7B04KRVWEMPF	85.00	2010-04-25 12:00:00.000000	472809	2025-09-20 03:05:50.534000	2025-09-20 03:05:50.534000
01K5JHBJPK9ZYMN8S5GA6Z1C6X	4917	01K5JHBJFS96JTRT3J84F56GSF	84.00	2008-05-25 12:00:00.000000	473887	2025-09-20 03:05:51.134000	2025-09-20 03:05:51.134000
01K5JHBK7GTWZ708ESERQ2RGQN	4917	01K5JHBK0MSJWS8JG7K3JT0GT5	98.00	2021-05-25 12:00:00.000000	474793	2025-09-20 03:05:51.674000	2025-09-20 03:05:51.674000
01K5JHBKS46YJM7T47EKAWPN8E	4917	01K5JHBKHTPQKWSEX2H7G65JHE	98.25	2025-06-04 12:00:00.000000	476400	2025-09-20 03:05:52.238000	2025-09-20 03:05:52.238000
01K5JHBMD902ASNM44E7NF708W	4917	01K5JHBM31TWMEKY91ECZ8C8DW	95.00	2025-07-16 12:00:00.000000	480474	2025-09-20 03:05:52.883000	2025-09-20 03:05:52.883000
01K5JHBMZ2C02XNF0165MKW18G	4917	01K5JHBMR1FE967WNSXWAHF5QM	89.00	2025-08-01 12:00:00.000000	480351	2025-09-20 03:05:53.452000	2025-09-20 03:05:53.452000
01K5JHBNFXDS9WT6VAHZAEC5NY	4917	01K5JHBN8Y06QMY2NE3XSTCZS4	98.00	2025-08-15 12:00:00.000000	482201	2025-09-20 03:05:53.991000	2025-09-20 03:05:53.991000
01K5JHBQJD2FPCDZNMHVSE545E	4917	01K5JHBQBD1X9DZ5WDBZZ1NJ4C	100.00	2023-02-02 13:00:00.000000	439894	2025-09-20 03:05:56.120000	2025-09-20 03:05:56.120000
01K5JHBR3QJM0H0WTAF8FVEQMP	4917	01K5JHBQWBW6V807ZKSD59RE20	87.50	2023-03-08 13:00:00.000000	439895	2025-09-20 03:05:56.672000	2025-09-20 03:05:56.672000
01K5JHBRQ1SXJAXNR545KT2YPS	4917	01K5JHBRDJD8NSXRB6EJ88GQSH	98.50	2023-05-03 12:00:00.000000	439896	2025-09-20 03:05:57.291000	2025-09-20 03:05:57.291000
01K5JHBSABWTYM5T401MADSGRN	4917	01K5JHBS3F99CV8T4Q96EA3TS5	94.00	2023-06-01 12:00:00.000000	439897	2025-09-20 03:05:57.909000	2025-09-20 03:05:57.909000
01K5JHBSX6V6Y7WWHKVCQKKDM9	4917	01K5JHBSN102XF92XKBB1RMV1Z	90.00	2023-06-29 12:00:00.000000	439898	2025-09-20 03:05:58.513000	2025-09-20 03:05:58.513000
01K5JHBTKM9Q1ZVGA6E1F3DKJC	4917	01K5JHBT9XQ0JXQERCWZM6GEQS	100.00	2023-08-08 12:00:00.000000	439899	2025-09-20 03:05:59.231000	2025-09-20 03:05:59.231000
01K5JHBV5VW3PR4W98F7MY5P6H	4917	01K5JHBTYKR1DCEZ6YXDF36QN1	92.00	2023-08-30 12:00:00.000000	439900	2025-09-20 03:05:59.813000	2025-09-20 03:05:59.813000
01K5JHBVQ09BRCKKPR7CHDX513	4917	01K5JHBVFQZ33F0JWQZCM640BW	95.00	2023-10-27 13:00:00.000000	439901	2025-09-20 03:06:00.363000	2025-09-20 03:06:00.363000
01K5JHBWB3ACST02ZHTY2AW8NF	4917	01K5JHBW3G4A7W4SVE68NZN97A	97.00	2024-02-29 13:00:00.000000	440668	2025-09-20 03:06:01.005000	2025-09-20 03:06:01.005000
01K5JHBWW1D4CV32KRR357RVP2	4917	01K5JHBWN066NCRGQ1PEWBV2C1	96.50	2024-03-26 13:00:00.000000	443478	2025-09-20 03:06:01.547000	2025-09-20 03:06:01.547000
01K5JHBXDK2970K6BXY6MEEQAD	4917	01K5JHBX6PZTWYX4PE8TPZJVXQ	99.00	2024-05-06 12:00:00.000000	446800	2025-09-20 03:06:02.109000	2025-09-20 03:06:02.109000
01K5JHBY2G91FPH3WKT688KZ3M	4917	01K5JHBXVDCYY0Y3JQAXST59KE	96.00	2024-05-28 12:00:00.000000	448137	2025-09-20 03:06:02.778000	2025-09-20 03:06:02.778000
01K5JHC01C4GARQ26BRPKV98YS	4917	01K5JHBZSXX56DRDYQZ82M31Q4	94.00	2024-06-14 12:00:00.000000	449729	2025-09-20 03:06:04.790000	2025-09-20 03:06:04.790000
01K5JHC0K1HV153FB14TKM3S0V	4917	01K5JHC0BZ1KB9XHHVNMR2M28E	96.00	2024-07-03 12:00:00.000000	451245	2025-09-20 03:06:05.355000	2025-09-20 03:06:05.355000
01K5JHC15K9D17J74WK3DG25NM	4917	01K5JHC0YKH42ADG4J4F1AT5C3	97.00	2024-08-07 12:00:00.000000	454031	2025-09-20 03:06:05.949000	2025-09-20 03:06:05.949000
01K5JHC1PTTS6Y0MZWC19BPWR5	4917	01K5JHC1FHVVW9W1R3SW0EJZCM	97.00	2024-09-03 12:00:00.000000	456646	2025-09-20 03:06:06.501000	2025-09-20 03:06:06.501000
01K5JHC29YYK8ZYDZJC41FVBQ7	4917	01K5JHC20TGG70F44BBSVJH291	92.00	2024-09-20 12:00:00.000000	457921	2025-09-20 03:06:07.112000	2025-09-20 03:06:07.112000
01K5JHC2TPJ1DP29NAQ1JJQVDH	4917	01K5JHC2KX9NFBXPVJ2049017F	97.50	2024-11-01 13:00:00.000000	460944	2025-09-20 03:06:07.648000	2025-09-20 03:06:07.648000
01K5JHC3BJ2WZBQ5MKZFYDJEY9	4917	01K5JHC34MXKA74AW6VBA8M056	94.00	2024-11-18 13:00:00.000000	462494	2025-09-20 03:06:08.188000	2025-09-20 03:06:08.188000
01K5JHC3WEZY1MM5F418TKF0XQ	4917	01K5JHC3NH4KPCV9QRQH0T3WRB	91.50	2024-12-05 13:00:00.000000	463779	2025-09-20 03:06:08.728000	2025-09-20 03:06:08.728000
01K5JHC4FDSNV5BKAS32MR8G2S	4917	01K5JHC48HXB2K6MTK7TFR0DNF	85.00	2025-02-24 13:00:00.000000	468056	2025-09-20 03:06:09.335000	2025-09-20 03:06:09.335000
01K5JHC50CRVNKC9PQ4HNKAMEK	4917	01K5JHC4SGCYNYJ7NM8D26HWBR	99.00	2012-03-25 13:00:00.000000	471526	2025-09-20 03:06:09.878000	2025-09-20 03:06:09.878000
01K5JHC5JT5VNQ9Y83GWWJKR0F	4917	01K5JHC5BDGTFG5TJ8K6E56Z0R	80.00	2001-04-25 12:00:00.000000	471669	2025-09-20 03:06:10.469000	2025-09-20 03:06:10.469000
01K5JHC66VEDW17R1PN8TQF9GQ	4917	01K5JHC5WQH6T3VG940PV40JD5	90.00	2001-05-25 12:00:00.000000	473884	2025-09-20 03:06:11.110000	2025-09-20 03:06:11.110000
01K5JHC7Z714QVBX7X6E6451BD	4917	01K5JHC7QYFR9X2EJET3G2T40N	85.50	2025-05-09 12:00:00.000000	476397	2025-09-20 03:06:12.913000	2025-09-20 03:06:12.913000
01K5JHC8G161Z7XM3C6W8KT35V	4917	01K5JHC89408V5BPP26YFW08S2	100.00	2025-05-20 12:00:00.000000	476398	2025-09-20 03:06:13.452000	2025-09-20 03:06:13.452000
01K5JHC916R455X0DAE6QF9K5P	4917	01K5JHC8T9SQTVX4WES9DN2SE1	94.00	2025-05-30 12:00:00.000000	476399	2025-09-20 03:06:14.000000	2025-09-20 03:06:14.000000
01K5JHC9KY6VH3AHHQWD0R30PT	4917	01K5JHC9D3JQDVB5BAPGKBCKYR	97.00	2025-06-19 12:00:00.000000	477234	2025-09-20 03:06:14.600000	2025-09-20 03:06:14.600000
01K5JHCA4W25EQF0G3Y0CEATKY	4917	01K5JHC9XTF7YHK4STSX033Q9B	100.00	2025-07-24 12:00:00.000000	480350	2025-09-20 03:06:15.143000	2025-09-20 03:06:15.143000
01K5JHCAQ41ZGRTTCAFRD53415	4917	01K5JHCAETKB1QXNVRBGHFSJQK	100.00	2025-08-14 12:00:00.000000	482197	2025-09-20 03:06:15.727000	2025-09-20 03:06:15.727000
01K5JHCB83P42QQ6328WTTTJPH	4917	01K5JHCB11ZD7RQ8PSB48V28XM	99.50	2025-08-28 12:00:00.000000	482889	2025-09-20 03:06:16.269000	2025-09-20 03:06:16.269000
01K5JHCBTF9HXXNQ560DP9SVYR	4917	01K5JHCBKGJ501KY81R3PVHRYX	100.00	2025-09-12 12:00:00.000000	483867	2025-09-20 03:06:16.857000	2025-09-20 03:06:16.857000
01K5JHCE6YN128BF61BK0SNT3X	4917	01K5JHCDYKD4WMKPJXHJ2Q80TF	86.00	2023-03-01 13:00:00.000000	440919	2025-09-20 03:06:19.304000	2025-09-20 03:06:19.304000
01K5JHCEQVDEF2EHZ902D9PQZD	4917	01K5JHCEGZKBZF1MY4WM8S41WT	92.00	2023-03-29 13:00:00.000000	440920	2025-09-20 03:06:19.845000	2025-09-20 03:06:19.845000
01K5JHCF8NQ7S4YAYNCXFQT8TY	4917	01K5JHCF1TG8B327ZR67S6XN5A	90.00	2023-05-10 12:00:00.000000	440921	2025-09-20 03:06:20.384000	2025-09-20 03:06:20.384000
01K5JHCFTF8Q48MDR1TQ6DXEM4	4917	01K5JHCFKGD6809F1DMFK24VR3	88.00	2023-06-07 12:00:00.000000	440922	2025-09-20 03:06:20.955000	2025-09-20 03:06:20.955000
01K5JHCGFK60T3SY8V4EMTAZ5A	4917	01K5JHCG87H4XA7NFEFJHXN31Z	88.00	2023-08-16 12:00:00.000000	440923	2025-09-20 03:06:21.629000	2025-09-20 03:06:21.629000
01K5JHCH436F2HG7XFF0RSAN40	4917	01K5JHCGSXA47G4V288GHBDKMS	88.00	2023-10-18 13:00:00.000000	440924	2025-09-20 03:06:22.285000	2025-09-20 03:06:22.285000
01K5JHCKX87FPPVQCABG6WHSC7	4917	01K5JHCKPC19ZPK0G506D5V43T	99.00	2024-02-28 13:00:00.000000	440932	2025-09-20 03:06:25.138000	2025-09-20 03:06:25.138000
01K5JHCMKP7R2DFNHHBCGN07WD	4917	01K5JHCMBDKC0T8CGNDDMRXZRT	99.50	2024-03-22 13:00:00.000000	442999	2025-09-20 03:06:25.856000	2025-09-20 03:06:25.856000
01K5JHCNA26SSN44HG9ZAS9ARW	4917	01K5JHCN0A1YJ2FYPQAJM3C7YA	100.00	2024-05-06 12:00:00.000000	446801	2025-09-20 03:06:26.573000	2025-09-20 03:06:26.573000
01K5JHCP0JGPTZ7ZYRJ1E2K4WV	4917	01K5JHCNR76XJAEPJ65MNQD99Y	99.00	2024-05-28 12:00:00.000000	448597	2025-09-20 03:06:27.292000	2025-09-20 03:06:27.292000
01K5JHCPJRKV1G1MKH4RWQYGXW	4917	01K5JHCPAFF00F6Q83936DZTBQ	98.00	2024-06-14 12:00:00.000000	449730	2025-09-20 03:06:27.874000	2025-09-20 03:06:27.874000
01K5JHCQ3YKKN7SD11FBAXV4M4	4917	01K5JHCPWWNCJETFV0Q90K1DTS	100.00	2024-07-03 12:00:00.000000	451246	2025-09-20 03:06:28.424000	2025-09-20 03:06:28.424000
01K5JHCQNHJWJXX3C8J7HSSDK6	4917	01K5JHCQEME5WWN0NMWK8EX87A	97.00	2024-08-07 12:00:00.000000	454030	2025-09-20 03:06:28.987000	2025-09-20 03:06:28.987000
01K5JHCR785N5D4HSNW8XXVPY9	4917	01K5JHCR0C5XCAH8XSYR4RGWJ6	99.00	2024-09-03 12:00:00.000000	456647	2025-09-20 03:06:29.554000	2025-09-20 03:06:29.554000
01K5JHCRS4JZJSKEKTYQJ2RN9Q	4917	01K5JHCRHWW1SXNFREEJF0H9RJ	100.00	2024-09-20 12:00:00.000000	457920	2025-09-20 03:06:30.126000	2025-09-20 03:06:30.126000
01K5JHCSDAGKF7PXWG6ZHC2A3R	4917	01K5JHCS53P45XGHHN1K5BEWAC	99.50	2024-11-07 13:00:00.000000	461412	2025-09-20 03:06:30.772000	2025-09-20 03:06:30.772000
01K5JHCT3RPT4Y493VNG8JH2G6	4917	01K5JHCSVEHWJ6QJXJFT3RWQF9	97.50	2024-12-05 13:00:00.000000	463780	2025-09-20 03:06:31.489000	2025-09-20 03:06:31.489000
01K5JHCTQ666K2NPZX4WPWM0PG	4917	01K5JHCTGCHZKZYWSMWYKQ4H3G	100.00	2025-02-20 13:00:00.000000	468055	2025-09-20 03:06:32.112000	2025-09-20 03:06:32.112000
01K5JHCWWC52H6Y7S3RZJZ54BK	4917	01K5JHCWN12A46VKCH94GWX5RF	84.00	2023-02-02 13:00:00.000000	439902	2025-09-20 03:06:34.326000	2025-09-20 03:06:34.326000
01K5JHCXDGYZGEC5Z4BG68KGRK	4917	01K5JHCX6G6F4A06C9M2N306AG	84.00	2023-02-23 13:00:00.000000	439903	2025-09-20 03:06:34.874000	2025-09-20 03:06:34.874000
01K5JHCXYKQHVHT1X559TTY4W4	4917	01K5JHCXQG626PJN4SKPCZW67X	80.00	2023-04-28 12:00:00.000000	439904	2025-09-20 03:06:35.423000	2025-09-20 03:06:35.423000
01K5JHCYFY7QFF7EHBGRPKSDA7	4917	01K5JHCY8RDM7R401AA36C75ZW	87.00	2023-05-05 12:00:00.000000	439905	2025-09-20 03:06:35.975000	2025-09-20 03:06:35.975000
01K5JHCZ5TZ05VF7654FXDWNRX	4917	01K5JHCYYM5SWDJZMJWKE83MZ8	80.00	2023-06-02 12:00:00.000000	439906	2025-09-20 03:06:36.675000	2025-09-20 03:06:36.675000
01K5JHCZRWPP75WS5BVWCQT1RJ	4917	01K5JHCZFSPMGNQ4XX5FE0SQX3	80.00	2023-06-28 12:00:00.000000	439907	2025-09-20 03:06:37.286000	2025-09-20 03:06:37.286000
01K5JHD0DE3YFN3RARXKW5XBKC	4917	01K5JHD051PNEN2VG0FJ0T8GSJ	88.00	2023-08-03 12:00:00.000000	439908	2025-09-20 03:06:37.944000	2025-09-20 03:06:37.944000
01K5JHD13VHYZWHJ6XKM21HW35	4917	01K5JHD0T00F74TNAH1ASA0BH3	92.00	2023-08-30 12:00:00.000000	439909	2025-09-20 03:06:38.660000	2025-09-20 03:06:38.660000
01K5JHD1Q0V5G2DMYEG2BQ2W19	4917	01K5JHD1EMK722BG8163PFM8C9	84.00	2023-10-09 13:00:00.000000	439910	2025-09-20 03:06:39.273000	2025-09-20 03:06:39.273000
01K5JHD29X8HAW8N2DMXB4S2KX	4917	01K5JHD22TVGSSG0BA5XCVYK9K	96.00	2023-10-24 13:00:00.000000	439911	2025-09-20 03:06:39.879000	2025-09-20 03:06:39.879000
01K5JHD2V94WTK9GCMP2AA0Y6T	4917	01K5JHD2M6EGXMBP39CY4RHGN2	80.00	2023-11-16 13:00:00.000000	439912	2025-09-20 03:06:40.435000	2025-09-20 03:06:40.435000
01K5JHD3DRB7JVKDD9K9GGBWBY	4917	01K5JHD36RNB4WG3RYN0JWN0QJ	81.50	2024-03-22 13:00:00.000000	443000	2025-09-20 03:06:41.025000	2025-09-20 03:06:41.025000
01K5JHD5EB8J3BY01RAAN0MHBQ	4917	01K5JHD57D2NZKJP9EFA10K8BT	88.00	2024-04-08 12:00:00.000000	444054	2025-09-20 03:06:43.093000	2025-09-20 03:06:43.093000
01K5JHD5ZDMFPFVWVWC5CCVNXM	4917	01K5JHD5RB90RXQHFDPM6ZBNXB	92.00	2024-05-14 12:00:00.000000	447671	2025-09-20 03:06:43.640000	2025-09-20 03:06:43.640000
01K5JHD6KTWYEQ53APC8PYHXPT	4917	01K5JHD6A0DX0MHMDZQX3S7BWF	97.00	2024-05-31 12:00:00.000000	448598	2025-09-20 03:06:44.292000	2025-09-20 03:06:44.292000
01K5JHD74TS6N1QB6QG7NGJ460	4917	01K5JHD6XTN7D16Q91PB5V6B8A	94.00	2024-06-19 12:00:00.000000	450256	2025-09-20 03:06:44.837000	2025-09-20 03:06:44.837000
01K5JHD7S9CFM26GM8EZ3CEZYT	4917	01K5JHD7HV6MMRYC6DQ0K7GPEP	91.00	2024-07-04 12:00:00.000000	452064	2025-09-20 03:06:45.492000	2025-09-20 03:06:45.492000
01K5JHD8DEX86A9T7JF0V97G4M	4917	01K5JHD83HXN091CGYX0YMYWWW	100.00	2024-08-13 12:00:00.000000	454585	2025-09-20 03:06:46.138000	2025-09-20 03:06:46.138000
01K5JHD8Y9ZD7VK2YKA8FJD9J9	4917	01K5JHD8QDKX4T4E2G1F70EGN3	100.00	2024-09-06 12:00:00.000000	456811	2025-09-20 03:06:46.676000	2025-09-20 03:06:46.676000
01K5JHD9GNQA31E4G18F72X4VF	4917	01K5JHD987NBST9DGFQSF3R50E	90.00	2024-09-26 12:00:00.000000	459493	2025-09-20 03:06:47.264000	2025-09-20 03:06:47.264000
01K5JHDA6Y0YY8ZPB0DS22VY9W	4917	01K5JHD9YMYAAXYGHS1RKT5ERD	91.00	2024-11-18 13:00:00.000000	462495	2025-09-20 03:06:47.976000	2025-09-20 03:06:47.976000
01K5JHDATDFWWV3H7089W2CNB0	4917	01K5JHDAKJF4WGSWWTWPZ4AAKD	100.00	2024-12-06 13:00:00.000000	463900	2025-09-20 03:06:48.600000	2025-09-20 03:06:48.600000
01K5JHDBB5QYB78A3J1D7KPXV3	4917	01K5JHDB4AR389B9QWZ3C4BAMK	100.00	2025-03-20 13:00:00.000000	468054	2025-09-20 03:06:49.136000	2025-09-20 03:06:49.136000
01K5JHDBW3B3Q9KM7GVYWK6GJP	4917	01K5JHDBN8ME0T5BHCPFCNDRN2	89.00	2014-03-25 13:00:00.000000	471527	2025-09-20 03:06:49.677000	2025-09-20 03:06:49.677000
01K5JHDDK2SVAAHKX1X90QK788	4917	01K5JHDDC3888WZVC5E3NPKMXP	82.50	2005-03-25 12:00:00.000000	471528	2025-09-20 03:06:51.436000	2025-09-20 03:06:51.436000
01K5JHDE6DM41D9AXH3VECGKXS	4917	01K5JHDDX4FFHGVHEEYYSWF4RQ	92.00	2021-03-25 13:00:00.000000	471529	2025-09-20 03:06:52.056000	2025-09-20 03:06:52.056000
01K5JHDEQBRBZCKD0X16GGA2G9	4917	01K5JHDEGE2GHZE1B7V5DDHPQH	84.00	2007-04-25 12:00:00.000000	472810	2025-09-20 03:06:52.597000	2025-09-20 03:06:52.597000
01K5JHDF80VKMFHESAVACXSXG3	4917	01K5JHDF19423341ZS87G6RACT	95.00	2009-05-25 12:00:00.000000	473888	2025-09-20 03:06:53.130000	2025-09-20 03:06:53.130000
01K5JHDFRNY5H55K3KNH29WNZW	4917	01K5JHDFHWR1EQJDYYHBT0DB43	95.00	2025-05-28 12:00:00.000000	476644	2025-09-20 03:06:53.663000	2025-09-20 03:06:53.663000
01K5JHDG9J8G05TR7VJMCY6PT8	4917	01K5JHDG2HKDX25W296WBRSQ8Z	83.50	2025-07-17 12:00:00.000000	480475	2025-09-20 03:06:54.205000	2025-09-20 03:06:54.205000
01K5JHDGY29FP59NXY95A7A3BP	4917	01K5JHDGPQG8W8VCVB3X6PJ21D	94.50	2025-08-04 12:00:00.000000	480349	2025-09-20 03:06:54.861000	2025-09-20 03:06:54.861000
01K5JHDHHDZTJJS4G2M2HSAA0C	4917	01K5JHDHAJYSNDZ52CJ5NTZVBH	92.50	2025-08-22 12:00:00.000000	482454	2025-09-20 03:06:55.480000	2025-09-20 03:06:55.480000
01K5JHDJ2C5T1VYEFJX7Z9HGB5	4917	01K5JHDHVBCVGYXQF2PW0006D3	94.70	2025-09-10 12:00:00.000000	483868	2025-09-20 03:06:56.022000	2025-09-20 03:06:56.022000
01K5JHDMRTBE0ZN9GXWFVCWKJ5	4917	01K5JHDMHWM8JV0MQN54NE3FHF	92.00	2001-04-25 12:00:00.000000	471530	2025-09-20 03:06:58.788000	2025-09-20 03:06:58.788000
01K5JHDNDGKHCY9E1PMQ38KF6H	4917	01K5JHDN529JVG758JJE8EPASQ	84.00	2001-05-25 12:00:00.000000	473866	2025-09-20 03:06:59.452000	2025-09-20 03:06:59.452000
01K5JHDP0PF1HBAK6Y7EJM2GQG	4917	01K5JHDNQF5YENSZB755C9RCT6	90.00	2016-05-25 12:00:00.000000	474314	2025-09-20 03:07:00.065000	2025-09-20 03:07:00.065000
01K5JHDPPZS165C0YDF0C9BQ08	4917	01K5JHDPENZT3KFX5QXX73ME66	100.00	2025-05-29 12:00:00.000000	476645	2025-09-20 03:07:00.778000	2025-09-20 03:07:00.778000
01K5JHDQ99GBGDDTV497EVDATD	4917	01K5JHDQ1VS1126EXXJ35F7BTE	80.00	2025-06-26 12:00:00.000000	480352	2025-09-20 03:07:01.363000	2025-09-20 03:07:01.363000
01K5JHDQTBN3XTTS8F6RN83JBX	4917	01K5JHDQKC539PMTBDGG3N1W9B	89.50	2025-08-12 12:00:00.000000	481165	2025-09-20 03:07:01.910000	2025-09-20 03:07:01.910000
01K5JHDSXGP2RTVCCRDPYQ1SC4	4917	01K5JHDSN2CSEXA185E9VRNPXX	95.00	2023-02-03 13:00:00.000000	439913	2025-09-20 03:07:04.059000	2025-09-20 03:07:04.059000
01K5JHDTH5ENQE9WQDTMWBA02M	4917	01K5JHDTA0H1EYH2XG1E1J0MN0	95.00	2023-03-17 13:00:00.000000	439914	2025-09-20 03:07:04.687000	2025-09-20 03:07:04.687000
01K5JHDV6V2P9SKB8ZB6WJNHPB	4917	01K5JHDTXB5DN3AGFFA4HG1FNH	95.00	2023-04-07 12:00:00.000000	439915	2025-09-20 03:07:05.381000	2025-09-20 03:07:05.381000
01K5JHDVS9YJNHS2XXG3RSFNJ8	4917	01K5JHDVHWAW5AHFXHF1QP1HRJ	87.00	2023-03-03 13:00:00.000000	439916	2025-09-20 03:07:05.972000	2025-09-20 03:07:05.972000
01K5JHDWD9WC0P7PHVGWCZ9G32	4917	01K5JHDW3C7K0S8KREXCRYNPM1	80.00	2023-05-12 12:00:00.000000	439917	2025-09-20 03:07:06.611000	2025-09-20 03:07:06.611000
01K5JHDX0E9EV9D8CR3SKY6BB7	4917	01K5JHDWR929DRC52Y9X7347MS	99.50	2023-06-02 12:00:00.000000	439918	2025-09-20 03:07:07.224000	2025-09-20 03:07:07.224000
01K5JHDXM77MKGAT1S99BMB1FC	4917	01K5JHDXD7D3090PDGF12BPJEJ	87.00	2023-06-23 12:00:00.000000	439919	2025-09-20 03:07:07.857000	2025-09-20 03:07:07.857000
01K5JHDY5BVK8QHCTAWGCWN699	4917	01K5JHDXYCWJS6JESETG26FNHX	91.00	2023-08-18 12:00:00.000000	439920	2025-09-20 03:07:08.405000	2025-09-20 03:07:08.405000
01K5JHDYR5RZXNTRSGQGFR0Y20	4917	01K5JHDYGGECY28XFTPSX7P0FM	99.00	2023-09-08 12:00:00.000000	439921	2025-09-20 03:07:09.011000	2025-09-20 03:07:09.011000
01K5JHDZ9C93GATER0HDKJMBQE	4917	01K5JHDZ2E1QDF5K4S34HXH8FD	89.50	2023-09-29 13:00:00.000000	439922	2025-09-20 03:07:09.558000	2025-09-20 03:07:09.558000
01K5JHDZTJM50CVAMYV3CMGZWZ	4917	01K5JHDZKFFWHXHCHNTFBDNJCZ	95.00	2023-11-02 13:00:00.000000	439923	2025-09-20 03:07:10.109000	2025-09-20 03:07:10.109000
01K5JHE0BPBD05CX72BT1DX35N	4917	01K5JHE04MZEZV3DTVXAN0261T	95.00	2023-11-17 13:00:00.000000	439924	2025-09-20 03:07:10.656000	2025-09-20 03:07:10.656000
01K5JHE2A84K0N7AQKMGS7T78A	4917	01K5JHE22GMYQXHB7W957N8VCF	86.00	2024-03-04 13:00:00.000000	441278	2025-09-20 03:07:12.658000	2025-09-20 03:07:12.658000
01K5JHE2V84RXEV50K612C2NDG	4917	01K5JHE2M7CJBN6XM5JAVNNNXM	94.50	2024-04-03 13:00:00.000000	443784	2025-09-20 03:07:13.202000	2025-09-20 03:07:13.202000
01K5JHE3FKH7CR48V4SX1K5XT8	4917	01K5JHE366HJJDMQ3QYYSZ4X9Y	97.50	2024-05-17 12:00:00.000000	447672	2025-09-20 03:07:13.853000	2025-09-20 03:07:13.853000
01K5JHE43PVDTR184HAH10F4KW	4917	01K5JHE3VBRYQ1DW5K9ABP2FK4	94.00	2024-06-11 12:00:00.000000	449476	2025-09-20 03:07:14.497000	2025-09-20 03:07:14.497000
01K5JHE4NDRJASV6AECXFHMZVX	4917	01K5JHE4DPQ19TZEC49GXA4E4J	90.00	2024-07-02 12:00:00.000000	451247	2025-09-20 03:07:15.064000	2025-09-20 03:07:15.064000
01K5JHE59N0S7TRK02NXNJ5EHP	4917	01K5JHE4ZEMHM751PNB8T5F3M5	92.00	2024-08-09 12:00:00.000000	454179	2025-09-20 03:07:15.712000	2025-09-20 03:07:15.712000
01K5JHE5V360T7JHRTZ3RAYMEB	4917	01K5JHE5KR0JKDTRE87P7D65N6	92.00	2024-09-05 12:00:00.000000	456648	2025-09-20 03:07:16.270000	2025-09-20 03:07:16.270000
01K5JHE6C0FMXX3A1T01PP8QHA	4917	01K5JHE656NYVJJYMM6ZHJ2ZBJ	85.50	2024-09-27 12:00:00.000000	459494	2025-09-20 03:07:16.810000	2025-09-20 03:07:16.810000
01K5JHE6Y7692T3KHET7W8J0TB	4917	01K5JHE6QBW05DWXBM0RHJVRB8	92.00	2024-11-12 13:00:00.000000	462496	2025-09-20 03:07:17.394000	2025-09-20 03:07:17.394000
01K5JHE7HQWVMSPDB7N81WZDGY	4917	01K5JHE7AN3T5E1N1NDJVC5WP3	95.00	2024-12-11 13:00:00.000000	464271	2025-09-20 03:07:18.017000	2025-09-20 03:07:18.017000
01K5JHE874EWDG2S57ZY9JC2JK	4917	01K5JHE7YPVA1G5NJ6QN40P6X1	88.00	2025-02-24 13:00:00.000000	468057	2025-09-20 03:07:18.703000	2025-09-20 03:07:18.703000
01K5JHE8T67MZJERD2Q512G3FG	4917	01K5JHE8HXB3XJSHDB05JGM0ME	94.00	2019-03-25 13:00:00.000000	471531	2025-09-20 03:07:19.313000	2025-09-20 03:07:19.313000
01K5JHEAXJ84J1FWEHJRM7ZNVF	4917	01K5JHEAN3W5H1TM29CE21FZA4	85.00	2003-04-25 12:00:00.000000	471532	2025-09-20 03:07:21.469000	2025-09-20 03:07:21.469000
01K5JHEBH5YEX6Q3HF79GYNSQ2	4917	01K5JHEBA1DS1HHX6HFMF3WDGZ	88.00	2005-05-25 12:00:00.000000	473886	2025-09-20 03:07:22.095000	2025-09-20 03:07:22.095000
01K5JHEC299VEQ35Q011A7R5Z2	4917	01K5JHEBV5QCV309P58FNXXK2W	81.75	2025-05-16 12:00:00.000000	474315	2025-09-20 03:07:22.645000	2025-09-20 03:07:22.645000
01K5JHECQ1B40N91B9TW2WVA97	4917	01K5JHECEP1Q6T2S030WE63M17	93.00	2025-06-04 12:00:00.000000	476401	2025-09-20 03:07:23.308000	2025-09-20 03:07:23.308000
01K5JHEDDW8J2HK7H71SGZ96W0	4917	01K5JHED3NNZQFZ19MD6BQ3KNP	91.50	2025-06-24 12:00:00.000000	477341	2025-09-20 03:07:24.039000	2025-09-20 03:07:24.039000
01K5JHEE1AVWS5YFAH69AX8203	4917	01K5JHEDT2CTPDFZ4F96BSBJ0T	86.00	2025-07-28 12:00:00.000000	480348	2025-09-20 03:07:24.661000	2025-09-20 03:07:24.661000
01K5JHEENS3RVSFN6BQ9HD6CGR	4917	01K5JHEEEPFF4FQWXN7S2DEDV4	80.00	2025-08-14 12:00:00.000000	482199	2025-09-20 03:07:25.316000	2025-09-20 03:07:25.316000
01K5JHEF8SP6W0B9NE73SZSW07	4917	01K5JHEF0ENRFGRVJ7MZK4HRB6	93.50	2025-08-29 12:00:00.000000	483058	2025-09-20 03:07:25.923000	2025-09-20 03:07:25.923000
01K5JHEFX9YMNJFFASW8NN17W8	4917	01K5JHEFKND2RNAMJMJP8GFX5Z	96.00	2025-09-17 12:00:00.000000	484281	2025-09-20 03:07:26.579000	2025-09-20 03:07:26.579000
01K5JHEJJRTQ0VJVYVBNAS6M02	4917	01K5JHEJB0TG4FJE560MWQTYCQ	94.00	2024-04-05 13:00:00.000000	443979	2025-09-20 03:07:29.314000	2025-09-20 03:07:29.314000
01K5JHEK4DDSNB4H959V9936PA	4917	01K5JHEJX83M9GXFMG4PJRDTEX	91.00	2024-06-27 12:00:00.000000	450754	2025-09-20 03:07:29.879000	2025-09-20 03:07:29.879000
01K5JHEKSDNZVW4TABX688T255	4917	01K5JHEKEEVDCM72TCHNEMY3FK	95.00	2024-09-20 12:00:00.000000	457951	2025-09-20 03:07:30.552000	2025-09-20 03:07:30.552000
01K5JHEMFKVK8FN1FDVBW964AN	4917	01K5JHEM89GH5RRH3SYPDKGPG5	99.00	2024-11-28 13:00:00.000000	463153	2025-09-20 03:07:31.261000	2025-09-20 03:07:31.261000
01K5JHEPJF32WFFM4TR56GBMNJ	4917	01K5JHEPBGGK5420KHD35RSZKB	98.00	2024-02-21 13:00:00.000000	440351	2025-09-20 03:07:33.401000	2025-09-20 03:07:33.401000
01K5JHEQ4MBHG120APPGK3VH0J	4917	01K5JHEPX9CK0QTS4W3W5HATBF	100.00	2024-03-07 13:00:00.000000	441618	2025-09-20 03:07:33.983000	2025-09-20 03:07:33.983000
01K5JHEQQMZE0FTJ87WCBHY4JJ	4917	01K5JHEQGFWHEFC8EFB76RMBG6	99.00	2024-03-22 13:00:00.000000	443001	2025-09-20 03:07:34.591000	2025-09-20 03:07:34.591000
01K5JHERCAX7PR4CE08Y0GMJYD	4917	01K5JHER54MMRQ10ARWZK871QT	100.00	2024-04-12 12:00:00.000000	445771	2025-09-20 03:07:35.252000	2025-09-20 03:07:35.252000
01K5JHERY80HWVJ0W7FSPQCGQ3	4917	01K5JHERPWWJW0FM78D0XKWXSW	100.00	2024-05-14 12:00:00.000000	447673	2025-09-20 03:07:35.827000	2025-09-20 03:07:35.827000
01K5JHESFFSM378MYVE7G0QFXV	4917	01K5JHES8B356XQB11TJ4Z6G9C	100.00	2024-05-31 12:00:00.000000	448599	2025-09-20 03:07:36.378000	2025-09-20 03:07:36.378000
01K5JHET0NYMSH06KCQ9ZEYMKB	4917	01K5JHESSS8A060M9CY5J40ZF1	97.00	2024-06-24 12:00:00.000000	450444	2025-09-20 03:07:36.928000	2025-09-20 03:07:36.928000
01K5JHETMPDEZFZRK0K6DHFN5H	4917	01K5JHETB0W06QQV3R7HC3EVV2	96.00	2024-07-05 12:00:00.000000	452063	2025-09-20 03:07:37.568000	2025-09-20 03:07:37.568000
01K5JHEV5QY3XQM7WQYNK0JE1Z	4917	01K5JHETYQXH92E2WX1B1TJXPG	100.00	2024-08-13 12:00:00.000000	454584	2025-09-20 03:07:38.114000	2025-09-20 03:07:38.114000
01K5JHEVQ8ZQCPDHS8CFFP80VK	4917	01K5JHEVFV09P58AY64S0BDE1J	96.00	2024-09-06 12:00:00.000000	456812	2025-09-20 03:07:38.674000	2025-09-20 03:07:38.674000
01K5JHEWCG21P975A9J4P9XAHB	4917	01K5JHEW53X9R0JF3HZZQ49G1M	100.00	2024-10-23 13:00:00.000000	460458	2025-09-20 03:07:39.355000	2025-09-20 03:07:39.355000
01K5JHEX3T5PTRJ565C2ATPAAE	4917	01K5JHEWT48B1BXX1HTYEFBF8C	96.00	2024-11-08 13:00:00.000000	461413	2025-09-20 03:07:40.100000	2025-09-20 03:07:40.100000
01K5JHEZ66DPV3H85EFSW4BGMQ	4917	01K5JHEYZ97RCSRW50Q3QNP0KT	97.00	2024-11-29 13:00:00.000000	463542	2025-09-20 03:07:42.225000	2025-09-20 03:07:42.225000
01K5JHEZQ93M8AW9307HY0MC89	4917	01K5JHEZG78SMEG6ATJB1RXQ5A	95.00	2025-02-13 13:00:00.000000	468053	2025-09-20 03:07:42.771000	2025-09-20 03:07:42.771000
01K5JHF08C386RMBD5VYYP5MY9	4917	01K5JHF0195AK0BPSR9T02RZT1	99.50	2005-03-25 12:00:00.000000	471668	2025-09-20 03:07:43.318000	2025-09-20 03:07:43.318000
01K5JHF0WEE4GFZ82Z0NJ3XQ4V	4917	01K5JHF0N3ZD5WJBTHEJY6S3GA	100.00	2021-03-25 13:00:00.000000	471533	2025-09-20 03:07:43.961000	2025-09-20 03:07:43.961000
01K5JHF1GJE61AG8GCK2KQZZXM	4917	01K5JHF16FBZESV8W2MBC3XP46	88.50	2011-04-25 12:00:00.000000	473864	2025-09-20 03:07:44.605000	2025-09-20 03:07:44.605000
01K5JHF21PZYRTAPES5107WYD8	4917	01K5JHF1TNKHYRSZEWEGN08SRJ	100.00	2013-05-25 12:00:00.000000	473865	2025-09-20 03:07:45.153000	2025-09-20 03:07:45.153000
01K5JHF2Q3V35WWVPSXQZA9EBN	4917	01K5JHF2EPXPB8V908SQTZ5BJJ	93.75	2025-05-28 12:00:00.000000	476646	2025-09-20 03:07:45.837000	2025-09-20 03:07:45.837000
01K5JHF399BW91S30CCEVB3B9F	4917	01K5JHF31YW88ZPCEDTHT6EDT7	97.50	2025-06-25 12:00:00.000000	477500	2025-09-20 03:07:46.420000	2025-09-20 03:07:46.420000
01K5JHF3TP0DJ3PJAKGJXJMG7H	4917	01K5JHF3KP7YHS5M3WDP5DBAE8	97.50	2025-07-30 12:00:00.000000	480476	2025-09-20 03:07:46.977000	2025-09-20 03:07:46.977000
01K5JHF4BKNDM84MJMN0V0HRJ1	4917	01K5JHF44PNPCRP33RNB7FCVSM	100.00	2025-08-20 12:00:00.000000	482204	2025-09-20 03:07:47.517000	2025-09-20 03:07:47.517000
01K5JHF4WGA7C0ZJ7FSF09FJ88	4917	01K5JHF4NM7JKGMZWZ0A3E02PW	98.75	2025-09-03 12:00:00.000000	483247	2025-09-20 03:07:48.058000	2025-09-20 03:07:48.058000
01K5JHF5GSKBJHP1SXBZGG6CF3	4917	01K5JHF56KA8E6JZA3MK0P2RV6	97.50	2025-09-18 12:00:00.000000	484280	2025-09-20 03:07:48.708000	2025-09-20 03:07:48.708000
01K5JHF6RB1RZA23Y5JK1PGFYY	4917	01K5JHF6H69B7BY2RJQKBD1KYD	92.00	2025-09-03 12:00:00.000000	483246	2025-09-20 03:07:49.974000	2025-09-20 03:07:49.974000
01K5JHFBA7J4DQJ5K5PQ171Z9J	4917	01K5JHFB1XA8B69X393YB7367J	80.00	2023-09-18 12:00:00.000000	443019	2025-09-20 03:07:54.642000	2025-09-20 03:07:54.642000
01K5JHFBVCTMF6XPRJG9S6W7CM	4917	01K5JHFBM9XEWBHFVXTWBAV5X4	85.00	2023-11-07 13:00:00.000000	443020	2025-09-20 03:07:55.190000	2025-09-20 03:07:55.190000
01K5JHFCF82RYGF1PCADN0X7CJ	4917	01K5JHFC8AH32CM8S8MBQ3KXMN	80.00	2023-12-05 13:00:00.000000	443021	2025-09-20 03:07:55.827000	2025-09-20 03:07:55.827000
01K5JHFD0V97GB5VWH0BAWD4RH	4917	01K5JHFCS9XDMYWKTMGRENF7CN	100.00	2024-03-21 13:00:00.000000	443022	2025-09-20 03:07:56.390000	2025-09-20 03:07:56.390000
01K5JHFDJS9ATCDC31P853K65H	4917	01K5JHFDBQT38GJNRKNV12QPD1	80.00	2024-05-02 12:00:00.000000	446468	2025-09-20 03:07:56.964000	2025-09-20 03:07:56.964000
01K5JHFE3QP1VPEQ8KET8A0ZPF	4917	01K5JHFDWWM0723ES3CR9TZWNK	80.00	2024-07-04 12:00:00.000000	452062	2025-09-20 03:07:57.506000	2025-09-20 03:07:57.506000
01K5JHFFK1D1G7FJTXPRV1VSP3	4917	01K5JHFFC0SA0MQZ7E48A62RDP	96.00	2024-04-09 12:00:00.000000	444065	2025-09-20 03:07:59.020000	2025-09-20 03:07:59.020000
01K5JHFG78ZF66VJ0D16Y6JYHK	4917	01K5JHFFYQZR1YKNYKPK2K2YWC	96.00	2024-06-27 12:00:00.000000	450755	2025-09-20 03:07:59.666000	2025-09-20 03:07:59.666000
01K5JHFGTEQ2K39WZWWAPGM1QJ	4917	01K5JHFGHX83644Y3WSPQDKS49	92.00	2024-09-23 12:00:00.000000	457981	2025-09-20 03:08:00.281000	2025-09-20 03:08:00.281000
01K5JHFHBMJ09YKHFYGVKCQG8X	4917	01K5JHFH4J2FKN25QBY3C5EBKY	94.00	2024-12-04 13:00:00.000000	463695	2025-09-20 03:08:00.830000	2025-09-20 03:08:00.830000
01K5JHFJR5ERRZ04EVQ4XGABE0	4917	01K5JHFJGYW7SRE4EB7KPCHNHK	92.00	2025-04-04 13:00:00.000000	477340	2025-09-20 03:08:02.256000	2025-09-20 03:08:02.256000
01K5JHFKAFCKR16TGQWTJKG92J	4917	01K5JHFK2A9RYWGMNR64YPX8EF	94.00	2025-06-25 12:00:00.000000	477476	2025-09-20 03:08:02.840000	2025-09-20 03:08:02.840000
01K5JHFKW232RB5BZRVKNVZGXX	4917	01K5JHFKN5SZ5S6D77H5G23AYP	92.00	2025-09-16 12:00:00.000000	484053	2025-09-20 03:08:03.405000	2025-09-20 03:08:03.405000
01K5JHFNNPK19EHA7R20XQ3CMX	4917	01K5JHFNEHT4PPQS1ZZKJA11QM	100.00	2023-07-31 12:00:00.000000	444329	2025-09-20 03:08:05.248000	2025-09-20 03:08:05.248000
01K5JHH5FZQ44D0SQH4E6MZM70	4368	01K5JHH5963YTR023RR2GFK962	100.00	2023-02-09 13:00:00.000000	411022	2025-09-20 03:08:54.216000	2025-09-20 03:08:54.216000
01K5JHH61GSCA302CDEHWCWB5G	4368	01K5JHH5TFGTP9TRVM15G7QFW4	93.75	2023-02-07 13:00:00.000000	411491	2025-09-20 03:08:54.776000	2025-09-20 03:08:54.776000
01K5JHH7Q7PWRVHS8NKW02SS37	4368	01K5JHBQBD1X9DZ5WDBZZ1NJ4C	89.50	2022-10-28 13:00:00.000000	403813	2025-09-20 03:08:56.495000	2025-09-20 03:08:56.495000
01K5JHHATMTQ53VFY2G77TR8GC	4368	01K5JHHAKQFC99R7ZKW3Y7ZN4X	92.50	2022-08-04 12:00:00.000000	395738	2025-09-20 03:08:59.677000	2025-09-20 03:08:59.677000
01K5JHHBDCNNSJ3D00KHMNKC7K	4368	01K5JHHB4NWN1NXHJPVDW208R0	95.50	2023-03-02 13:00:00.000000	412357	2025-09-20 03:09:00.276000	2025-09-20 03:09:00.276000
01K5JHHBXZMBJNERRG8AEHXWW0	4368	01K5JHHBQ9YFR1Q4CB8GJ5XDNM	92.00	2023-03-14 13:00:00.000000	413903	2025-09-20 03:09:00.808000	2025-09-20 03:09:00.808000
01K5JHHG0Y7JBJNPFDKY1NS9YR	4368	01K5JHCWN12A46VKCH94GWX5RF	83.00	2022-06-17 12:00:00.000000	391037	2025-09-20 03:09:05.000000	2025-09-20 03:09:05.000000
01K5JHHJVVGT8JAVX5DX7SKNQ4	4368	01K5JHDSN2CSEXA185E9VRNPXX	80.00	2022-07-07 12:00:00.000000	393698	2025-09-20 03:09:07.909000	2025-09-20 03:09:07.909000
01K5JHHP4N7TF0D32Z9552JQZR	4368	01K5JHHNXR9SDWJBQMX3WXKY59	94.00	2022-04-05 12:00:00.000000	383551	2025-09-20 03:09:11.262000	2025-09-20 03:09:11.262000
01K5JHHPT469CYH783C40HMP08	4368	01K5JHHPHRE2QGRJSFYRMMGF69	82.00	2022-02-16 13:00:00.000000	380996	2025-09-20 03:09:11.948000	2025-09-20 03:09:11.948000
01K5JHHQBEDFC0P1G502MEY5R1	4368	01K5JHHQ4D50S8F6DD6XZ2E67W	80.00	2022-03-22 13:00:00.000000	382224	2025-09-20 03:09:12.503000	2025-09-20 03:09:12.503000
01K5JHHQWFTHK1MPBAAR8599BG	4368	01K5JHHQNH690P125SWHBH4VCN	80.00	2022-05-27 12:00:00.000000	388467	2025-09-20 03:09:13.048000	2025-09-20 03:09:13.048000
01K5JHHRD6WHP4Y3SPKSYW9P60	4368	01K5JHHR6E69XDWEX13FKVMWGK	80.00	2022-07-07 12:00:00.000000	393697	2025-09-20 03:09:13.583000	2025-09-20 03:09:13.583000
01K5JHHRYD13FFDY6ASX8YFSSZ	4368	01K5JHHRQ8XR3KXF9ZWCDQ8CJB	80.00	2022-10-21 13:00:00.000000	403529	2025-09-20 03:09:14.133000	2025-09-20 03:09:14.133000
01K5JHHT4Y8R1RD0A0WCAG2FA3	4368	01K5JHEJB0TG4FJE560MWQTYCQ	80.00	2022-04-08 12:00:00.000000	387259	2025-09-20 03:09:15.369000	2025-09-20 03:09:15.369000
01K5JHHTQBC8CF75DSFR5VAMSJ	4368	01K5JHEKEEVDCM72TCHNEMY3FK	88.00	2022-09-27 13:00:00.000000	401058	2025-09-20 03:09:15.956000	2025-09-20 03:09:15.956000
01K5JHHWQ4FGMA7RCJN35MK9Q7	4368	01K5JHFB1XA8B69X393YB7367J	80.00	2022-08-18 12:00:00.000000	396756	2025-09-20 03:09:17.996000	2025-09-20 03:09:17.996000
01K5JHHX3179BSBZE0PC3VCV95	4368	01K5JHFBM9XEWBHFVXTWBAV5X4	80.00	2022-09-29 13:00:00.000000	403235	2025-09-20 03:09:18.379000	2025-09-20 03:09:18.379000
01K5JHHZ29J0MJ9XTKCEKCKT6G	4368	01K5JHFFC0SA0MQZ7E48A62RDP	88.00	2022-04-07 12:00:00.000000	383953	2025-09-20 03:09:20.402000	2025-09-20 03:09:20.402000
01K5JHHZE5R9NHH6Q769160VC1	4368	01K5JHFFYQZR1YKNYKPK2K2YWC	90.00	2022-06-28 12:00:00.000000	392272	2025-09-20 03:09:20.783000	2025-09-20 03:09:20.783000
01K5JHHZT7EXMQVPWTCBPQH0RA	4368	01K5JHFGHX83644Y3WSPQDKS49	94.00	2022-09-27 13:00:00.000000	401057	2025-09-20 03:09:21.169000	2025-09-20 03:09:21.169000
01K5JHJ064B4X5XMT2KWYPV6D1	4368	01K5JHFH4J2FKN25QBY3C5EBKY	80.00	2022-12-07 13:00:00.000000	408177	2025-09-20 03:09:21.549000	2025-09-20 03:09:21.549000
01K5JHKGW6RV2M1YANXZBW3996	4684	01K5JHB6XJ0X9DAH40S8GHHCP9	89.00	2021-04-29 12:00:00.000000	411033	2025-09-20 03:10:11.410000	2025-09-20 03:10:11.410000
01K5JHKH7X8B7SGTVWKP2R03HP	4684	01K5JHB7G8ZZ7TPRJ2K417D4XC	80.00	2021-11-17 13:00:00.000000	411034	2025-09-20 03:10:11.784000	2025-09-20 03:10:11.784000
01K5JHKHKY6PRCQBV4P3CYQZEZ	4684	01K5JHB8125G93RZ94S8Z2V4BW	93.00	2022-02-11 13:00:00.000000	411035	2025-09-20 03:10:12.169000	2025-09-20 03:10:12.169000
01K5JHKJ0ECY772J9FK6YMMJNK	4684	01K5JHB8JWG2GVAKVVG0YGJM52	93.50	2022-03-10 13:00:00.000000	411036	2025-09-20 03:10:12.569000	2025-09-20 03:10:12.569000
01K5JHKJCFT9KRGHCZ0RA38K9F	4684	01K5JHB94ZKPJ969SY2Q2R5ET0	89.00	2022-04-13 12:00:00.000000	411037	2025-09-20 03:10:12.954000	2025-09-20 03:10:12.954000
01K5JHKJWQ618YWDCZ4FS5KXN0	4684	01K5JHB9NV91D4DS9W1D2NCQET	98.00	2022-06-28 12:00:00.000000	411039	2025-09-20 03:10:13.474000	2025-09-20 03:10:13.474000
01K5JHKKC2RJ7BPM0AQADKY485	4684	01K5JHBA6VVKMYZXXTZG2P9R46	96.00	2022-09-14 12:00:00.000000	411042	2025-09-20 03:10:13.964000	2025-09-20 03:10:13.964000
01K5JHKKT62MSA1EP4TNP9DWFC	4684	01K5JHBAR6Q4873JYHQE6K0QWX	94.00	2023-02-24 13:00:00.000000	412042	2025-09-20 03:10:14.417000	2025-09-20 03:10:14.417000
01K5JHKM8W6B2M7NV9EDTSCVBG	4684	01K5JHBBADE8FYM7NWTJJDGC03	100.00	2023-03-15 13:00:00.000000	413901	2025-09-20 03:10:14.886000	2025-09-20 03:10:14.886000
01K5JHKMPY2D9J5GN4V3JJT7JR	4684	01K5JHBBVXY5Q7VE182CFGHP8Z	95.00	2023-04-04 12:00:00.000000	415658	2025-09-20 03:10:15.337000	2025-09-20 03:10:15.337000
01K5JHKN5QX7X0M41R7YYKXBXC	4684	01K5JHBCFFEYPHS7ZNRJERHQPC	96.00	2023-05-12 12:00:00.000000	418474	2025-09-20 03:10:15.809000	2025-09-20 03:10:15.809000
01K5JHKNHBB0HE5Y9P6HHPER4M	4684	01K5JHBD0T7B70ZPKGSCSYY64Q	87.50	2023-06-16 12:00:00.000000	421597	2025-09-20 03:10:16.181000	2025-09-20 03:10:16.181000
01K5JHKQ7G44YDYS5YHWMTF45G	4684	01K5JHBEW8K60WKB33TYWENDC9	100.00	2023-07-26 12:00:00.000000	425388	2025-09-20 03:10:17.914000	2025-09-20 03:10:17.914000
01K5JHKQKAH6J7MZ7W6E2A7BXR	4684	01K5JHBFEJKZTB3CW7V8AYV61K	94.50	2023-08-16 12:00:00.000000	429251	2025-09-20 03:10:18.293000	2025-09-20 03:10:18.293000
01K5JHKQYZTSZ7E94MYGC1RNY8	4684	01K5JHBG0BK9TKBKMAKNHRZN93	84.50	2023-09-11 12:00:00.000000	429250	2025-09-20 03:10:18.666000	2025-09-20 03:10:18.666000
01K5JHKRAPNFSK5549P12605NH	4684	01K5JHBGR6JB46VQFSK866W8TT	86.00	2023-11-13 13:00:00.000000	434285	2025-09-20 03:10:19.041000	2025-09-20 03:10:19.041000
01K5JHKRPD5MSAV52QW1QTREZP	4684	01K5JHBH9GEFFP6A9VJHQH9RA3	93.50	2024-02-27 13:00:00.000000	440937	2025-09-20 03:10:19.416000	2025-09-20 03:10:19.416000
01K5JHKS24KABTJEYZDENQ4E7X	4684	01K5JHBHX227TW7B04KRVWEMPF	97.00	2024-03-13 13:00:00.000000	442404	2025-09-20 03:10:19.791000	2025-09-20 03:10:19.791000
01K5JHKSE5F9MDFFXX1GSNZ2NY	4684	01K5JHBJFS96JTRT3J84F56GSF	90.00	2024-03-26 13:00:00.000000	443480	2025-09-20 03:10:20.176000	2025-09-20 03:10:20.176000
01K5JHKST651AQJW4G9H8FEQZ3	4684	01K5JHBK0MSJWS8JG7K3JT0GT5	96.00	2024-04-12 12:00:00.000000	445775	2025-09-20 03:10:20.561000	2025-09-20 03:10:20.561000
01K5JHKT77TH0EYZNG4KJJTDPV	4684	01K5JHBKHTPQKWSEX2H7G65JHE	99.00	2024-05-06 12:00:00.000000	446805	2025-09-20 03:10:20.978000	2025-09-20 03:10:20.978000
01K5JHKTK5WDNHDBGW8BGT0R29	4684	01K5JHBM31TWMEKY91ECZ8C8DW	94.50	2024-05-28 12:00:00.000000	448604	2025-09-20 03:10:21.359000	2025-09-20 03:10:21.359000
01K5JHKTYTYJPE5TQHVGWBNQD1	4684	01K5JHBMR1FE967WNSXWAHF5QM	93.00	2024-06-24 12:00:00.000000	450729	2025-09-20 03:10:21.733000	2025-09-20 03:10:21.733000
01K5JHKVC3QK9EC3QCJ65B0X4E	4684	01K5JHBN8Y06QMY2NE3XSTCZS4	96.00	2024-07-23 12:00:00.000000	453179	2025-09-20 03:10:22.158000	2025-09-20 03:10:22.158000
01K5JHKX7X50HGBX5XDASY892J	4684	01K5JHKX0V1P9ZAT0BGGMNDRRY	92.00	2024-08-08 12:00:00.000000	454129	2025-09-20 03:10:24.072000	2025-09-20 03:10:24.072000
01K5JHKXRQ54291SSEH6W90T1B	4684	01K5JHKXHYREQ650NXF1QDEG8G	91.00	2024-08-30 12:00:00.000000	456200	2025-09-20 03:10:24.610000	2025-09-20 03:10:24.610000
01K5JHKY9RW4YPDXEMT8NKBT4N	4684	01K5JHKY2N24K61CTE83D0EJ1Y	95.00	2024-09-27 12:00:00.000000	459500	2025-09-20 03:10:25.155000	2025-09-20 03:10:25.155000
01K5JHKYTWYTMY1KQ8CBA82MQ5	4684	01K5JHKYKSH7F7R8A7REV4TTTE	82.00	2024-11-06 13:00:00.000000	461418	2025-09-20 03:10:25.703000	2025-09-20 03:10:25.703000
01K5JHKZBTXJJYVX2BY4XQ3ASG	4684	01K5JHKZ4RKJVC45CKCF7V1C4Y	86.00	2024-12-10 13:00:00.000000	464276	2025-09-20 03:10:26.245000	2025-09-20 03:10:26.245000
01K5JHKZWPGCC3N6W0547J744H	4684	01K5JHKZNQZ14KK90Q3V543K7N	98.00	2025-02-24 13:00:00.000000	468041	2025-09-20 03:10:26.784000	2025-09-20 03:10:26.784000
01K5JHM0DMJSECAJAKD3HS1S47	4684	01K5JHM06NCAFM4PKPAQPPJW04	97.50	2025-03-14 13:00:00.000000	471321	2025-09-20 03:10:27.327000	2025-09-20 03:10:27.327000
01K5JHM0YZYHQWGKKDWZ65YQZ6	4684	01K5JHM0QJDE40KMTM4GHSGYDW	91.00	2025-03-27 13:00:00.000000	471322	2025-09-20 03:10:27.883000	2025-09-20 03:10:27.883000
01K5JHM1GB26MKN0TC593HKEAN	4684	01K5JHM18X5FKF0RYKF8A4J98R	94.00	2010-04-25 12:00:00.000000	472798	2025-09-20 03:10:28.438000	2025-09-20 03:10:28.438000
01K5JHM21HRQCAHZMBJP8V5E2S	4684	01K5JHM1TCRFMXQ5J87CHZ00EX	91.50	2006-05-25 12:00:00.000000	474093	2025-09-20 03:10:28.988000	2025-09-20 03:10:28.988000
01K5JHM2JGDRA5TYMAE937C8ZB	4684	01K5JHM2BD0TEJ0X74H2G217MR	92.00	2019-05-25 12:00:00.000000	474325	2025-09-20 03:10:29.531000	2025-09-20 03:10:29.531000
01K5JHM339A672D2WY7XN1XX3X	4684	01K5JHM2WDQD76WP3HE0W60X0Y	100.00	2025-06-09 12:00:00.000000	476415	2025-09-20 03:10:30.069000	2025-09-20 03:10:30.069000
01K5JHM4W9J1ABW1NVR40WSTAF	4684	01K5JHBQBD1X9DZ5WDBZZ1NJ4C	99.00	2021-04-29 12:00:00.000000	411046	2025-09-20 03:10:31.893000	2025-09-20 03:10:31.893000
01K5JHM58D47WFPBBGVE08BTEH	4684	01K5JHBQWBW6V807ZKSD59RE20	91.00	2021-11-17 13:00:00.000000	411047	2025-09-20 03:10:32.282000	2025-09-20 03:10:32.282000
01K5JHM5MJEQQXAHWG1WS2R2BM	4684	01K5JHBRDJD8NSXRB6EJ88GQSH	95.50	2022-03-09 13:00:00.000000	411048	2025-09-20 03:10:32.670000	2025-09-20 03:10:32.670000
01K5JHM60PKEGXS9MJFBV4AVQ1	4684	01K5JHBS3F99CV8T4Q96EA3TS5	86.00	2022-03-28 13:00:00.000000	411049	2025-09-20 03:10:33.056000	2025-09-20 03:10:33.056000
01K5JHM6GZED012GNRE70J2FPZ	4684	01K5JHBSN102XF92XKBB1RMV1Z	97.00	2022-05-19 12:00:00.000000	411050	2025-09-20 03:10:33.579000	2025-09-20 03:10:33.579000
01K5JHM6WYG2GT83WMSR31YAXG	4684	01K5JHBT9XQ0JXQERCWZM6GEQS	95.00	2022-06-08 12:00:00.000000	411051	2025-09-20 03:10:33.960000	2025-09-20 03:10:33.960000
01K5JHM78S6PQQYP6GNYTCYVMV	4684	01K5JHBTYKR1DCEZ6YXDF36QN1	82.00	2022-07-27 12:00:00.000000	411052	2025-09-20 03:10:34.340000	2025-09-20 03:10:34.340000
01K5JHM7N836T3FHQPSSJ3XJJM	4684	01K5JHBVFQZ33F0JWQZCM640BW	89.00	2022-08-10 12:00:00.000000	411053	2025-09-20 03:10:34.741000	2025-09-20 03:10:34.741000
01K5JHM812226SEQT6Q3T7ZBTE	4684	01K5JHBW3G4A7W4SVE68NZN97A	96.00	2022-09-07 12:00:00.000000	411054	2025-09-20 03:10:35.116000	2025-09-20 03:10:35.116000
01K5JHM8D532P083ENR20QMH15	4684	01K5JHBWN066NCRGQ1PEWBV2C1	96.00	2022-11-07 13:00:00.000000	411055	2025-09-20 03:10:35.504000	2025-09-20 03:10:35.504000
01K5JHM8S36JTMC51P89J8HCN0	4684	01K5JHBX6PZTWYX4PE8TPZJVXQ	83.00	2023-02-10 13:00:00.000000	411056	2025-09-20 03:10:35.887000	2025-09-20 03:10:35.887000
01K5JHM94Z9M33NETY29BVZSFJ	4684	01K5JHBXVDCYY0Y3JQAXST59KE	91.50	2023-03-09 13:00:00.000000	413378	2025-09-20 03:10:36.266000	2025-09-20 03:10:36.266000
01K5JHMAYQ4VNJQQ4XGCGW64DA	4684	01K5JHBZSXX56DRDYQZ82M31Q4	88.00	2023-03-31 13:00:00.000000	415244	2025-09-20 03:10:38.114000	2025-09-20 03:10:38.114000
01K5JHMBCER05DFQ9AQZQ4NTK4	4684	01K5JHC0BZ1KB9XHHVNMR2M28E	84.00	2023-06-06 12:00:00.000000	420689	2025-09-20 03:10:38.553000	2025-09-20 03:10:38.553000
01K5JHMBRH10ZSXFV1C323JKJD	4684	01K5JHC0YKH42ADG4J4F1AT5C3	90.00	2023-06-26 12:00:00.000000	422396	2025-09-20 03:10:38.941000	2025-09-20 03:10:38.941000
01K5JHMC6CAT90F3AZZKAT8YEP	4684	01K5JHC1FHVVW9W1R3SW0EJZCM	95.50	2023-07-28 12:00:00.000000	425481	2025-09-20 03:10:39.384000	2025-09-20 03:10:39.384000
01K5JHMCMHGA57NPBF61V5PS80	4684	01K5JHC20TGG70F44BBSVJH291	90.00	2023-08-18 12:00:00.000000	427111	2025-09-20 03:10:39.836000	2025-09-20 03:10:39.836000
01K5JHMD0D6JKG8SX7Y7NJ94X5	4684	01K5JHC2KX9NFBXPVJ2049017F	80.50	2023-09-15 12:00:00.000000	429587	2025-09-20 03:10:40.218000	2025-09-20 03:10:40.218000
01K5JHMDCEE6STWSYDN6CN9VAN	4684	01K5JHC34MXKA74AW6VBA8M056	87.00	2023-11-17 13:00:00.000000	435090	2025-09-20 03:10:40.602000	2025-09-20 03:10:40.602000
01K5JHMDRZTG3ATDCV69RX4RX3	4684	01K5JHC3NH4KPCV9QRQH0T3WRB	93.00	2024-02-23 13:00:00.000000	440349	2025-09-20 03:10:41.003000	2025-09-20 03:10:41.003000
01K5JHME77ST5JPVTA1TA9C4C2	4684	01K5JHC48HXB2K6MTK7TFR0DNF	100.00	2024-03-13 13:00:00.000000	443482	2025-09-20 03:10:41.459000	2025-09-20 03:10:41.459000
01K5JHMEK6E8NTEP219SE61Y83	4684	01K5JHC4SGCYNYJ7NM8D26HWBR	91.00	2024-03-25 13:00:00.000000	443481	2025-09-20 03:10:41.841000	2025-09-20 03:10:41.841000
01K5JHMEZ0V0YF6Q4VKJSPPK4W	4684	01K5JHC5BDGTFG5TJ8K6E56Z0R	98.50	2024-04-11 12:00:00.000000	445776	2025-09-20 03:10:42.220000	2025-09-20 03:10:42.220000
01K5JHMFB6WD0C4W8BZVADJT70	4684	01K5JHC5WQH6T3VG940PV40JD5	100.00	2024-05-06 12:00:00.000000	446571	2025-09-20 03:10:42.609000	2025-09-20 03:10:42.609000
01K5JHMH2EFKCR3XQKEF3WX8RM	4684	01K5JHC7QYFR9X2EJET3G2T40N	87.50	2024-05-23 12:00:00.000000	447687	2025-09-20 03:10:44.377000	2025-09-20 03:10:44.377000
01K5JHMHG04FM00A7GXFQ7YYBB	4684	01K5JHC89408V5BPP26YFW08S2	100.00	2024-06-11 12:00:00.000000	449480	2025-09-20 03:10:44.811000	2025-09-20 03:10:44.811000
01K5JHMHWDA0VC70KXYKVQWYAJ	4684	01K5JHC8T9SQTVX4WES9DN2SE1	89.00	2024-08-08 12:00:00.000000	454128	2025-09-20 03:10:45.208000	2025-09-20 03:10:45.208000
01K5JHMJ9HQGKFNQVDZFP62ACV	4684	01K5JHC9D3JQDVB5BAPGKBCKYR	94.50	2024-08-28 12:00:00.000000	456072	2025-09-20 03:10:45.629000	2025-09-20 03:10:45.629000
01K5JHMJNGQNRP8EHGX6R2W6VM	4684	01K5JHC9XTF7YHK4STSX033Q9B	96.00	2024-09-13 12:00:00.000000	457367	2025-09-20 03:10:46.010000	2025-09-20 03:10:46.010000
01K5JHMK19ZQY1Q29JVH0QHGDE	4684	01K5JHCAETKB1QXNVRBGHFSJQK	100.00	2024-10-21 13:00:00.000000	460945	2025-09-20 03:10:46.389000	2025-09-20 03:10:46.389000
01K5JHMKD49G66WQD0AN2YD758	4684	01K5JHCB11ZD7RQ8PSB48V28XM	100.00	2024-11-05 13:00:00.000000	462832	2025-09-20 03:10:46.766000	2025-09-20 03:10:46.766000
01K5JHMKS4ZXGEACPKZ8Y9F1EE	4684	01K5JHCBKGJ501KY81R3PVHRYX	99.50	2024-12-06 13:00:00.000000	463905	2025-09-20 03:10:47.151000	2025-09-20 03:10:47.151000
01K5JHMM5FACE0GS153A1SJ709	4684	01K5JHCC4CTKA1FT171EVX3S59	88.00	2025-02-12 13:00:00.000000	467795	2025-09-20 03:10:47.546000	2025-09-20 03:10:47.546000
01K5JHMMH8N1PXG319RAFJM4H4	4684	01K5JHCCEA19G22F2BY7B6YR7C	100.00	2025-02-24 13:00:00.000000	467796	2025-09-20 03:10:47.923000	2025-09-20 03:10:47.923000
01K5JHMQ0ZFZA9WNK525CCWBVG	4684	01K5JHCKPC19ZPK0G506D5V43T	100.00	2022-04-07 12:00:00.000000	411269	2025-09-20 03:10:50.474000	2025-09-20 03:10:50.474000
01K5JHMQCVY0BAGZRJEMFAHJQ5	4684	01K5JHCMBDKC0T8CGNDDMRXZRT	99.00	2022-07-05 12:00:00.000000	411270	2025-09-20 03:10:50.853000	2025-09-20 03:10:50.853000
01K5JHMQRR1FD6426BJF6KCVYB	4684	01K5JHCN0A1YJ2FYPQAJM3C7YA	99.00	2022-09-22 12:00:00.000000	411271	2025-09-20 03:10:51.234000	2025-09-20 03:10:51.234000
01K5JHMR4M1VCVGSDB4YB4V8Z3	4684	01K5JHCNR76XJAEPJ65MNQD99Y	98.00	2023-02-24 13:00:00.000000	412043	2025-09-20 03:10:51.615000	2025-09-20 03:10:51.615000
01K5JHMRGD9MZW8JGG86BANY81	4684	01K5JHCPAFF00F6Q83936DZTBQ	98.00	2023-03-17 13:00:00.000000	414040	2025-09-20 03:10:51.993000	2025-09-20 03:10:51.993000
01K5JHMRWAA75XF35A95A3PCJS	4684	01K5JHCPWWNCJETFV0Q90K1DTS	100.00	2023-04-28 12:00:00.000000	417718	2025-09-20 03:10:52.373000	2025-09-20 03:10:52.373000
01K5JHMS8B8NY816JAG00KK0Y0	4684	01K5JHCQEME5WWN0NMWK8EX87A	100.00	2023-05-24 12:00:00.000000	419938	2025-09-20 03:10:52.758000	2025-09-20 03:10:52.758000
01K5JHMSM22GMRPGERN61HJ41B	4684	01K5JHCR0C5XCAH8XSYR4RGWJ6	100.00	2023-06-16 12:00:00.000000	421578	2025-09-20 03:10:53.133000	2025-09-20 03:10:53.133000
01K5JHMSZP34FKS9RF3RDG9X5T	4684	01K5JHCRHWW1SXNFREEJF0H9RJ	100.00	2023-07-21 12:00:00.000000	425033	2025-09-20 03:10:53.505000	2025-09-20 03:10:53.505000
01K5JHMTBFH0WA3THDPTQYNK3M	4684	01K5JHCS53P45XGHHN1K5BEWAC	100.00	2023-08-04 12:00:00.000000	425832	2025-09-20 03:10:53.882000	2025-09-20 03:10:53.882000
01K5JHMTQ51X9JN5R6EM77C8GY	4684	01K5JHCSVEHWJ6QJXJFT3RWQF9	97.00	2023-08-18 12:00:00.000000	427112	2025-09-20 03:10:54.256000	2025-09-20 03:10:54.256000
01K5JHMV3F93P3YWHVEN37ZASE	4684	01K5JHCTGCHZKZYWSMWYKQ4H3G	100.00	2023-08-30 12:00:00.000000	428307	2025-09-20 03:10:54.650000	2025-09-20 03:10:54.650000
01K5JHMWRXEC7FFEY8AXNR5KV3	4684	01K5JHCWN12A46VKCH94GWX5RF	80.00	2022-02-28 13:00:00.000000	411257	2025-09-20 03:10:56.361000	2025-09-20 03:10:56.361000
01K5JHMX4QGC02DHS4C408ZGYF	4684	01K5JHCX6G6F4A06C9M2N306AG	80.00	2022-05-12 12:00:00.000000	411258	2025-09-20 03:10:56.737000	2025-09-20 03:10:56.737000
01K5JHMXG9689YWJEENT88SFST	4684	01K5JHCXQG626PJN4SKPCZW67X	92.00	2022-03-12 13:00:00.000000	411259	2025-09-20 03:10:57.107000	2025-09-20 03:10:57.107000
01K5JHMXVXSTD8D49X3ZXE5HB3	4684	01K5JHCY8RDM7R401AA36C75ZW	94.00	2022-05-13 12:00:00.000000	411260	2025-09-20 03:10:57.481000	2025-09-20 03:10:57.481000
01K5JHMY7V9ABD8VWH5JD7M67R	4684	01K5JHCYYM5SWDJZMJWKE83MZ8	92.00	2022-05-26 12:00:00.000000	411261	2025-09-20 03:10:57.862000	2025-09-20 03:10:57.862000
01K5JHMYKK51QH64TD1FHHGM3K	4684	01K5JHCZFSPMGNQ4XX5FE0SQX3	92.00	2022-06-13 12:00:00.000000	411262	2025-09-20 03:10:58.238000	2025-09-20 03:10:58.238000
01K5JHMYZ9JZACN8HCFRBGYX2P	4684	01K5JHD051PNEN2VG0FJ0T8GSJ	92.00	2022-08-08 12:00:00.000000	411263	2025-09-20 03:10:58.612000	2025-09-20 03:10:58.612000
01K5JHMZAYP1X5RH6R8MHQ6Y11	4684	01K5JHD0T00F74TNAH1ASA0BH3	92.00	2022-08-31 12:00:00.000000	411264	2025-09-20 03:10:58.985000	2025-09-20 03:10:58.985000
01K5JHMZPRNP355F4FE9TVVNHJ	4684	01K5JHD1EMK722BG8163PFM8C9	84.00	2022-09-14 12:00:00.000000	411265	2025-09-20 03:10:59.363000	2025-09-20 03:10:59.363000
01K5JHN02TM06B71G51XECXEW6	4684	01K5JHD22TVGSSG0BA5XCVYK9K	96.00	2022-10-25 13:00:00.000000	411266	2025-09-20 03:10:59.749000	2025-09-20 03:10:59.749000
01K5JHN0EDM9XNB4ZJWCMQQK2X	4684	01K5JHD2M6EGXMBP39CY4RHGN2	100.00	2022-11-09 13:00:00.000000	411267	2025-09-20 03:11:00.120000	2025-09-20 03:11:00.120000
01K5JHN0SYH9256FBQM9J4DN73	4684	01K5JHD36RNB4WG3RYN0JWN0QJ	97.00	2022-12-13 13:00:00.000000	411268	2025-09-20 03:11:00.489000	2025-09-20 03:11:00.489000
01K5JHN2HS9YS2JKAHP1BTQE1J	4684	01K5JHDSN2CSEXA185E9VRNPXX	88.50	2021-03-08 13:00:00.000000	411059	2025-09-20 03:11:02.277000	2025-09-20 03:11:02.277000
01K5JHN2XQ96N1ACZBZP681ATT	4684	01K5JHDTA0H1EYH2XG1E1J0MN0	80.00	2021-03-26 13:00:00.000000	411060	2025-09-20 03:11:02.660000	2025-09-20 03:11:02.660000
01K5JHN39VEEJFR9RV703RT9M8	4684	01K5JHDTXB5DN3AGFFA4HG1FNH	91.50	2021-04-09 12:00:00.000000	411061	2025-09-20 03:11:03.047000	2025-09-20 03:11:03.047000
01K5JHN3Q372DX2V88YZ4NEM2X	4684	01K5JHDVHWAW5AHFXHF1QP1HRJ	97.50	2021-04-29 12:00:00.000000	411062	2025-09-20 03:11:03.469000	2025-09-20 03:11:03.469000
01K5JHN432ZAPEPQJ3KD0PAHH7	4684	01K5JHDW3C7K0S8KREXCRYNPM1	89.50	2021-05-10 12:00:00.000000	411063	2025-09-20 03:11:03.853000	2025-09-20 03:11:03.853000
01K5JHN4F1SNMT9PCS2Z48SQAA	4684	01K5JHDWR929DRC52Y9X7347MS	80.00	2021-06-01 12:00:00.000000	411064	2025-09-20 03:11:04.236000	2025-09-20 03:11:04.236000
01K5JHN4TS1BXEQJJDH9R7C9SD	4684	01K5JHDXD7D3090PDGF12BPJEJ	97.50	2021-06-15 12:00:00.000000	411065	2025-09-20 03:11:04.611000	2025-09-20 03:11:04.611000
01K5JHN56NGNV7ZJDZDPCB4P9A	4684	01K5JHDXYCWJS6JESETG26FNHX	95.00	2021-07-02 12:00:00.000000	411066	2025-09-20 03:11:04.992000	2025-09-20 03:11:04.992000
01K5JHN5KGE43VG4XB3YRNFKXQ	4684	01K5JHDYGGECY28XFTPSX7P0FM	99.50	2021-07-29 12:00:00.000000	411067	2025-09-20 03:11:05.403000	2025-09-20 03:11:05.403000
01K5JHN5Z7ATX60G5K9S50E0D3	4684	01K5JHDZ2E1QDF5K4S34HXH8FD	94.50	2021-11-11 13:00:00.000000	411068	2025-09-20 03:11:05.779000	2025-09-20 03:11:05.779000
01K5JHN6B1GQ35BWFXS59HQPYP	4684	01K5JHDZKFFWHXHCHNTFBDNJCZ	95.00	2021-12-06 13:00:00.000000	411069	2025-09-20 03:11:06.157000	2025-09-20 03:11:06.157000
01K5JHN6PRF0MN6GWDN31AZW9G	4684	01K5JHE04MZEZV3DTVXAN0261T	100.00	2022-02-04 13:00:00.000000	411070	2025-09-20 03:11:06.530000	2025-09-20 03:11:06.530000
01K5JHN8CQQGKHJTB71EA8VC2V	4684	01K5JHE22GMYQXHB7W957N8VCF	99.50	2022-04-13 12:00:00.000000	411082	2025-09-20 03:11:08.258000	2025-09-20 03:11:08.258000
01K5JHN8RHF9B7RSMZXMQ9Q8MS	4684	01K5JHE2M7CJBN6XM5JAVNNNXM	100.00	2022-06-29 12:00:00.000000	411084	2025-09-20 03:11:08.637000	2025-09-20 03:11:08.637000
01K5JHN94AXJXV80Y2FQFGBA9E	4684	01K5JHE366HJJDMQ3QYYSZ4X9Y	99.00	2022-07-28 12:00:00.000000	411086	2025-09-20 03:11:09.013000	2025-09-20 03:11:09.013000
01K5JHN9G0SPV3Y0A2FEXAP4VQ	4684	01K5JHE3VBRYQ1DW5K9ABP2FK4	99.00	2022-08-22 12:00:00.000000	411087	2025-09-20 03:11:09.388000	2025-09-20 03:11:09.388000
01K5JHN9W6WZ3PC27GTG60EZKZ	4684	01K5JHE4DPQ19TZEC49GXA4E4J	87.50	2023-03-02 13:00:00.000000	412356	2025-09-20 03:11:09.777000	2025-09-20 03:11:09.777000
01K5JHNA8MB4EKESKM6Y4947JN	4684	01K5JHE4ZEMHM751PNB8T5F3M5	90.00	2023-05-30 12:00:00.000000	420444	2025-09-20 03:11:10.176000	2025-09-20 03:11:10.176000
01K5JHNAMYV7T54GAABWZEDJFQ	4684	01K5JHE5KR0JKDTRE87P7D65N6	85.00	2023-06-23 12:00:00.000000	422171	2025-09-20 03:11:10.570000	2025-09-20 03:11:10.570000
01K5JHNB0YJA16278V0CNKBP0Y	4684	01K5JHE656NYVJJYMM6ZHJ2ZBJ	86.00	2023-07-28 12:00:00.000000	425480	2025-09-20 03:11:10.953000	2025-09-20 03:11:10.953000
01K5JHNBCY4GVVT6B35X7NX4A7	4684	01K5JHE6QBW05DWXBM0RHJVRB8	86.50	2023-08-11 12:00:00.000000	426288	2025-09-20 03:11:11.337000	2025-09-20 03:11:11.337000
01K5JHNBRNQR6GSJ5XDKF2XWD5	4684	01K5JHE7AN3T5E1N1NDJVC5WP3	90.00	2023-08-28 12:00:00.000000	428391	2025-09-20 03:11:11.713000	2025-09-20 03:11:11.713000
01K5JHNC4GJKCJF9QDY880RN36	4684	01K5JHE7YPVA1G5NJ6QN40P6X1	81.50	2023-09-08 12:00:00.000000	429252	2025-09-20 03:11:12.091000	2025-09-20 03:11:12.091000
01K5JHNCGDDNAN3GSQ490WFX10	4684	01K5JHE8HXB3XJSHDB05JGM0ME	95.00	2023-09-22 12:00:00.000000	431581	2025-09-20 03:11:12.472000	2025-09-20 03:11:12.472000
01K5JHNE8J6X9XYMMAY687ABFM	4684	01K5JHEAN3W5H1TM29CE21FZA4	80.00	2023-11-07 13:00:00.000000	435401	2025-09-20 03:11:14.269000	2025-09-20 03:11:14.269000
01K5JHNEMB5NSFWJH4ME5P25GG	4684	01K5JHEBA1DS1HHX6HFMF3WDGZ	98.50	2023-12-04 13:00:00.000000	436564	2025-09-20 03:11:14.645000	2025-09-20 03:11:14.645000
01K5JHNF03AP970NAPZR3439XN	4684	01K5JHEBV5QCV309P58FNXXK2W	100.00	2024-03-04 13:00:00.000000	441277	2025-09-20 03:11:15.023000	2025-09-20 03:11:15.023000
01K5JHNFBVNYBFS3ENSBGBD43G	4684	01K5JHECEP1Q6T2S030WE63M17	85.00	2024-03-19 13:00:00.000000	443004	2025-09-20 03:11:15.399000	2025-09-20 03:11:15.399000
01K5JHNFQMM35QPY0SGE2V5Y8F	4684	01K5JHED3NNZQFZ19MD6BQ3KNP	97.00	2024-04-08 12:00:00.000000	444056	2025-09-20 03:11:15.775000	2025-09-20 03:11:15.775000
01K5JHNG428N56FQDB51GDJ696	4684	01K5JHEDT2CTPDFZ4F96BSBJ0T	93.00	2024-05-03 12:00:00.000000	446472	2025-09-20 03:11:16.173000	2025-09-20 03:11:16.173000
01K5JHNGG4PCD66704PR44W1NA	4684	01K5JHEEEPFF4FQWXN7S2DEDV4	98.00	2024-05-23 12:00:00.000000	447688	2025-09-20 03:11:16.558000	2025-09-20 03:11:16.558000
01K5JHNGWVHSC8KA9H3DSFQ82G	4684	01K5JHEF0ENRFGRVJ7MZK4HRB6	100.00	2024-06-19 12:00:00.000000	450261	2025-09-20 03:11:16.966000	2025-09-20 03:11:16.966000
01K5JHNH8V3ZQ0HENABJA2SB28	4684	01K5JHEFKND2RNAMJMJP8GFX5Z	98.00	2024-08-13 12:00:00.000000	454589	2025-09-20 03:11:17.349000	2025-09-20 03:11:17.349000
01K5JHNHMM0CR57VXFZ1YW0726	4684	01K5JHEG7BFNYNPDC53EQNFVP4	98.00	2024-09-11 12:00:00.000000	457368	2025-09-20 03:11:17.728000	2025-09-20 03:11:17.728000
01K5JHNJ0RMPGP81YMYV4HVF7W	4684	01K5JHEGN3BSTF6P7BXKW03Z2E	92.00	2024-09-27 12:00:00.000000	459501	2025-09-20 03:11:18.115000	2025-09-20 03:11:18.115000
01K5JHNJCWQTZADAHHDYBZGF2C	4684	01K5JHEH0E836A3S5Z60S4MW0V	100.00	2024-10-29 13:00:00.000000	460721	2025-09-20 03:11:18.503000	2025-09-20 03:11:18.503000
01K5JHNMC7J0DPVWME0PFFDSJP	4684	01K5JHNM5A589M2ETR7HS16MEM	86.00	2024-06-14 12:00:00.000000	449732	2025-09-20 03:11:20.530000	2025-09-20 03:11:20.530000
01K5JHNMX8NENPET0KDP88DM7G	4684	01K5JHNMP39MSVGBTVGZWA27AN	96.00	2024-08-13 12:00:00.000000	454588	2025-09-20 03:11:21.074000	2025-09-20 03:11:21.074000
01K5JHNNE4M5B9M2M1HD9AMJZB	4684	01K5JHNN752MX1MVJEAP3WR7XW	96.00	2024-09-19 12:00:00.000000	457928	2025-09-20 03:11:21.616000	2025-09-20 03:11:21.616000
01K5JHNP0YQXK4ZEBWAVHQBEKY	4684	01K5JHNNRJVDR7NC65W9DYH6H7	96.00	2024-10-31 13:00:00.000000	460876	2025-09-20 03:11:22.218000	2025-09-20 03:11:22.218000
01K5JHNPJ6QBRT486C6X2NHQ8D	4684	01K5JHNPAW2304JSWMCW5KBF4Q	100.00	2024-12-06 13:00:00.000000	463906	2025-09-20 03:11:22.769000	2025-09-20 03:11:22.769000
01K5JHNQ4BM95T62E3AVMDAZXB	4684	01K5JHNPW4K688D4GMVY3DSX9Z	96.00	2025-02-12 13:00:00.000000	467799	2025-09-20 03:11:23.350000	2025-09-20 03:11:23.350000
01K5JHNQN62AGQMB5KZTEA044C	4684	01K5JHNQE7GXDTKTD5W91JPZWS	90.50	2025-02-21 13:00:00.000000	467800	2025-09-20 03:11:23.888000	2025-09-20 03:11:23.888000
01K5JHNR97VKR3KV6K1JN8XH48	4684	01K5JHNR25ZE6GVG6TJ046R2FE	96.00	2025-03-11 13:00:00.000000	471318	2025-09-20 03:11:24.530000	2025-09-20 03:11:24.530000
01K5JHNRT46DXFSA7QP04HVMEM	4684	01K5JHNRK3RGJ0YATTFNQBHYXB	99.50	2025-03-21 13:00:00.000000	471319	2025-09-20 03:11:25.071000	2025-09-20 03:11:25.071000
01K5JHNSEESE40EV8QSRXW0H8S	4684	01K5JHNS716B199GCFC1NC79A7	100.00	2025-04-02 13:00:00.000000	471320	2025-09-20 03:11:25.722000	2025-09-20 03:11:25.722000
01K5JHNSZZ0TBYDAQH0GFKR9CV	4684	01K5JHNSRCYTYETWQJNBJMQG0V	100.00	2009-04-25 12:00:00.000000	472799	2025-09-20 03:11:26.282000	2025-09-20 03:11:26.282000
01K5JHNTGTW8AFFEHZ92TW4NGW	4684	01K5JHNT9YEJ1GHFBKCKTHQJVY	97.50	2002-05-25 12:00:00.000000	474092	2025-09-20 03:11:26.821000	2025-09-20 03:11:26.821000
01K5JHNWDDJK23DWTJQKM7TJW7	4684	01K5JHNW69BY61WE7TFYSKWXB5	100.00	2024-12-09 13:00:00.000000	464277	2025-09-20 03:11:28.760000	2025-09-20 03:11:28.760000
01K5JHNWYMHKFE41G1YVX13YC3	4684	01K5JHNWQP78NE1JE55WRP6M9H	98.00	2025-02-18 13:00:00.000000	467798	2025-09-20 03:11:29.311000	2025-09-20 03:11:29.311000
01K5JHNXHPWX2ZQRGEPAD0P6XF	4684	01K5JHNX8HD10JV3FFF3KN0GNP	92.50	2025-02-26 13:00:00.000000	471314	2025-09-20 03:11:29.921000	2025-09-20 03:11:29.921000
01K5JHNY2F15GD15ZRYARTSVZ2	4684	01K5JHNXVJG5F2067XY0TJ4GY4	93.00	2025-03-12 13:00:00.000000	471315	2025-09-20 03:11:30.459000	2025-09-20 03:11:30.459000
01K5JHNYKE5J5XX04C8ZPBNEP2	4684	01K5JHNYCDM851CMTX1XGHBQZD	93.50	2025-03-26 13:00:00.000000	471316	2025-09-20 03:11:31.001000	2025-09-20 03:11:31.001000
01K5JHNZ485CD5A8FC1WVMH671	4684	01K5JHNYXDKCXRJ3TMFRF35CTQ	99.00	2011-04-25 12:00:00.000000	472800	2025-09-20 03:11:31.539000	2025-09-20 03:11:31.539000
01K5JHNZMYNKKTW0R2D4NPV5MS	4684	01K5JHNZE45F90C19E8ZY90363	100.00	2009-05-25 12:00:00.000000	474091	2025-09-20 03:11:32.073000	2025-09-20 03:11:32.073000
01K5JHP05XCCMP9NKM67SB16ZH	4684	01K5JHNZYT1XERDR5PTR99TTAK	100.00	2016-05-25 12:00:00.000000	474324	2025-09-20 03:11:32.615000	2025-09-20 03:11:32.615000
01K5JHP0Q06ZRQ2W39DASAGRDQ	4684	01K5JHP0FVXT3Y1PWW01871P0W	98.75	2025-05-30 12:00:00.000000	476414	2025-09-20 03:11:33.163000	2025-09-20 03:11:33.163000
01K5JHP18VFYDMA7DPEV7G7KQN	4684	01K5JHP10Y413BK5A6G4DKG8DN	97.50	2025-06-15 12:00:00.000000	476650	2025-09-20 03:11:33.734000	2025-09-20 03:11:33.734000
01K5JHP1SS1CYF32CN7MSSY5EG	4684	01K5JHP1JSFBT850GNWDHTNAXS	96.50	2025-06-19 12:00:00.000000	477467	2025-09-20 03:11:34.275000	2025-09-20 03:11:34.275000
01K5JHP2C8K44MQ0RPDEDH06HR	4684	01K5JHP254YQEQ5TS78QKGVRP1	100.00	2025-06-24 12:00:00.000000	477343	2025-09-20 03:11:34.867000	2025-09-20 03:11:34.867000
01K5JHP4GTW2E8R9006BHJ5GDX	4684	01K5JHP49TE80GAAXTWW0B4KQY	99.50	2022-06-07 12:00:00.000000	411251	2025-09-20 03:11:37.061000	2025-09-20 03:11:37.061000
01K5JHP51JBWNTQTETG9MCXAQR	4684	01K5JHP4TQ6KPR3Z7418T28F9N	100.00	2022-07-06 12:00:00.000000	411252	2025-09-20 03:11:37.596000	2025-09-20 03:11:37.596000
01K5JHP5Q5KA5NQCJGAHY7D6R7	4684	01K5JHP5DE9YCVBFF6K0QQZ7RT	100.00	2022-08-03 12:00:00.000000	411253	2025-09-20 03:11:38.288000	2025-09-20 03:11:38.288000
01K5JHP6813ZT872KG0TXJ5PCS	4684	01K5JHP619BA3P9EMWS0RCT8F3	94.50	2022-09-29 13:00:00.000000	411254	2025-09-20 03:11:38.828000	2025-09-20 03:11:38.828000
01K5JHP6T8HMBNFM8KVJ8ZW8T1	4684	01K5JHP6KDCBVJQT5MMCXBDBB7	95.00	2022-11-25 13:00:00.000000	411255	2025-09-20 03:11:39.411000	2025-09-20 03:11:39.411000
01K5JHP7CDSRZTNPT1EYK7CNND	4684	01K5JHP743D1RA4SD735RJ97GX	88.00	2022-12-06 13:00:00.000000	411256	2025-09-20 03:11:39.992000	2025-09-20 03:11:39.992000
01K5JHP8SZSQ4WH1D1RF7Q2G0E	4684	01K5JHHNXR9SDWJBQMX3WXKY59	92.00	2021-05-18 12:00:00.000000	411088	2025-09-20 03:11:41.450000	2025-09-20 03:11:41.450000
01K5JHP95RVJ47YGTRXYEFVJEN	4684	01K5JHHPHRE2QGRJSFYRMMGF69	98.00	2021-06-01 12:00:00.000000	411089	2025-09-20 03:11:41.827000	2025-09-20 03:11:41.827000
01K5JHP9JFAZF0X34KBHRMYT7V	4684	01K5JHHQ4D50S8F6DD6XZ2E67W	98.00	2021-06-16 12:00:00.000000	411090	2025-09-20 03:11:42.234000	2025-09-20 03:11:42.234000
01K5JHP9Y9KZPYY2E6A090DN9V	4684	01K5JHHQNH690P125SWHBH4VCN	94.00	2021-07-01 12:00:00.000000	411091	2025-09-20 03:11:42.611000	2025-09-20 03:11:42.611000
01K5JHPAA0RAWG25AKJRSHRW9W	4684	01K5JHHR6E69XDWEX13FKVMWGK	98.00	2021-07-23 12:00:00.000000	411092	2025-09-20 03:11:42.988000	2025-09-20 03:11:42.988000
01K5JHPANVGX5A39285HDX0W85	4684	01K5JHHRQ8XR3KXF9ZWCDQ8CJB	98.00	2021-12-09 13:00:00.000000	411093	2025-09-20 03:11:43.366000	2025-09-20 03:11:43.366000
01K5JHPBWZJRMC7VNQHQD08QSC	4684	01K5JHEJB0TG4FJE560MWQTYCQ	98.00	2023-05-22 12:00:00.000000	419956	2025-09-20 03:11:44.618000	2025-09-20 03:11:44.618000
01K5JHPC8PAZ53XWWZKRBX10Q0	4684	01K5JHEJX83M9GXFMG4PJRDTEX	97.00	2023-06-23 12:00:00.000000	422226	2025-09-20 03:11:44.993000	2025-09-20 03:11:44.993000
01K5JHPCMJAJC68H3R590WQKVG	4684	01K5JHEKEEVDCM72TCHNEMY3FK	99.00	2023-09-20 12:00:00.000000	429849	2025-09-20 03:11:45.373000	2025-09-20 03:11:45.373000
01K5JHPD2620SXWZF04K6EG94H	4684	01K5JHEM89GH5RRH3SYPDKGPG5	96.00	2023-11-22 13:00:00.000000	436320	2025-09-20 03:11:45.809000	2025-09-20 03:11:45.809000
01K5JHPEHR38YSCXSYQPDQGC6N	4684	01K5JHPEAYV61RMKRNFNJ54N39	96.00	2024-04-05 13:00:00.000000	443997	2025-09-20 03:11:47.331000	2025-09-20 03:11:47.331000
01K5JHPF46CPH8T3TNB0SGHE24	4684	01K5JHPEXFVNTGF9JDR7BWG7G3	97.00	2024-06-27 12:00:00.000000	450741	2025-09-20 03:11:47.921000	2025-09-20 03:11:47.921000
01K5JHPFNR9GKMXKA4JM2W006M	4684	01K5JHPFEYVD991R6WSC73BV7M	92.00	2024-09-20 12:00:00.000000	457946	2025-09-20 03:11:48.483000	2025-09-20 03:11:48.483000
01K5JHPG7PTR8SGPNC00JZG6EB	4684	01K5JHPG0NCD6PMHYS9RFCAXJG	99.50	2024-11-28 13:00:00.000000	463149	2025-09-20 03:11:49.058000	2025-09-20 03:11:49.058000
01K5JHPHXSV5A4PE2RH4J95WQA	4684	01K5JHEPBGGK5420KHD35RSZKB	93.00	2022-09-06 12:00:00.000000	411275	2025-09-20 03:11:50.788000	2025-09-20 03:11:50.788000
01K5JHPJA0BN2CP2AN2050NVYG	4684	01K5JHEPX9CK0QTS4W3W5HATBF	97.50	2023-02-10 13:00:00.000000	411276	2025-09-20 03:11:51.179000	2025-09-20 03:11:51.179000
01K5JHPJP00TT59TC5RCJ76CPP	4684	01K5JHEQGFWHEFC8EFB76RMBG6	100.00	2023-02-23 13:00:00.000000	411868	2025-09-20 03:11:51.563000	2025-09-20 03:11:51.563000
01K5JHPK2RC2SHG4Q42QM09D1R	4684	01K5JHER54MMRQ10ARWZK871QT	98.00	2023-03-14 13:00:00.000000	413902	2025-09-20 03:11:51.971000	2025-09-20 03:11:51.971000
01K5JHPKEH1AVE41753TH0156J	4684	01K5JHERPWWJW0FM78D0XKWXSW	98.00	2023-03-29 13:00:00.000000	414988	2025-09-20 03:11:52.348000	2025-09-20 03:11:52.348000
01K5JHPKT78GDK48Y6KFQWDAM7	4684	01K5JHES8B356XQB11TJ4Z6G9C	100.00	2023-05-09 12:00:00.000000	418426	2025-09-20 03:11:52.722000	2025-09-20 03:11:52.722000
01K5JHPM5WJ371G9QE957VVFT5	4684	01K5JHESSS8A060M9CY5J40ZF1	97.00	2023-06-09 12:00:00.000000	421097	2025-09-20 03:11:53.094000	2025-09-20 03:11:53.094000
01K5JHPMM9G6MMS538V343TNT2	4684	01K5JHETB0W06QQV3R7HC3EVV2	94.00	2023-06-26 12:00:00.000000	422397	2025-09-20 03:11:53.556000	2025-09-20 03:11:53.556000
01K5JHPN0ABMCY316JQ7YH2WGY	4684	01K5JHETYQXH92E2WX1B1TJXPG	96.00	2023-07-20 12:00:00.000000	425032	2025-09-20 03:11:53.941000	2025-09-20 03:11:53.941000
01K5JHPND9BSF4YY38DXJVMNBS	4684	01K5JHEVFV09P58AY64S0BDE1J	99.50	2023-08-04 12:00:00.000000	425831	2025-09-20 03:11:54.355000	2025-09-20 03:11:54.355000
01K5JHPNTD76WYJ4YEMQRJD3EK	4684	01K5JHEW53X9R0JF3HZZQ49G1M	94.00	2023-08-18 12:00:00.000000	426851	2025-09-20 03:11:54.776000	2025-09-20 03:11:54.776000
01K5JHPP6CG1CRJM5F57EP0HB5	4684	01K5JHEWT48B1BXX1HTYEFBF8C	100.00	2023-08-30 12:00:00.000000	428306	2025-09-20 03:11:55.160000	2025-09-20 03:11:55.160000
01K5JHPQYAB4Z39VR564CT1VN3	4684	01K5JHEYZ97RCSRW50Q3QNP0KT	97.00	2022-07-26 12:00:00.000000	411272	2025-09-20 03:11:56.948000	2025-09-20 03:11:56.948000
01K5JHPR9YMXGB4WAF24FNZMNK	4684	01K5JHEZG78SMEG6ATJB1RXQ5A	94.00	2022-09-30 13:00:00.000000	411274	2025-09-20 03:11:57.321000	2025-09-20 03:11:57.321000
01K5JHPRQ0SH6H57QP89406V9C	4684	01K5JHF0195AK0BPSR9T02RZT1	93.00	2023-02-22 13:00:00.000000	411869	2025-09-20 03:11:57.739000	2025-09-20 03:11:57.739000
01K5JHPS2NCW0JRQSEEZ85KYV8	4684	01K5JHF0N3ZD5WJBTHEJY6S3GA	94.00	2023-03-23 13:00:00.000000	414604	2025-09-20 03:11:58.112000	2025-09-20 03:11:58.112000
01K5JHPSE8186QNX0DKHHPJ733	4684	01K5JHF16FBZESV8W2MBC3XP46	86.50	2023-05-23 12:00:00.000000	419317	2025-09-20 03:11:58.483000	2025-09-20 03:11:58.483000
01K5JHPST8N16KN8NKXM9H3VXE	4684	01K5JHF1TNKHYRSZEWEGN08SRJ	100.00	2023-06-21 12:00:00.000000	421939	2025-09-20 03:11:58.866000	2025-09-20 03:11:58.866000
01K5JHPT9YAQ9297A81NP8KPH9	4684	01K5JHF2EPXPB8V908SQTZ5BJJ	90.50	2023-07-21 12:00:00.000000	425089	2025-09-20 03:11:59.369000	2025-09-20 03:11:59.369000
01K5JHPTQ5XD6G2JXJTACXQVWE	4684	01K5JHF31YW88ZPCEDTHT6EDT7	100.00	2023-08-09 12:00:00.000000	426122	2025-09-20 03:11:59.792000	2025-09-20 03:11:59.792000
01K5JHPV5R2SY0PK8D2T2X8TGT	4684	01K5JHF3KP7YHS5M3WDP5DBAE8	80.00	2023-09-04 12:00:00.000000	428782	2025-09-20 03:12:00.259000	2025-09-20 03:12:00.259000
01K5JHPVM1NECKP281N5DQQMQM	4684	01K5JHF44PNPCRP33RNB7FCVSM	99.00	2023-09-20 12:00:00.000000	431580	2025-09-20 03:12:00.716000	2025-09-20 03:12:00.716000
01K5JHPW0VCTYM76WTFHR072QX	4684	01K5JHF4NM7JKGMZWZ0A3E02PW	82.00	2023-10-31 13:00:00.000000	433200	2025-09-20 03:12:01.126000	2025-09-20 03:12:01.126000
01K5JHPWFAT9BAKT3KRA81BXCQ	4684	01K5JHF56KA8E6JZA3MK0P2RV6	95.50	2023-11-28 13:00:00.000000	435952	2025-09-20 03:12:01.589000	2025-09-20 03:12:01.589000
01K5JHPY4C1NP5JYMM0CSXAWKC	4684	01K5JHF6H69B7BY2RJQKBD1KYD	99.00	2002-04-25 12:00:00.000000	443484	2025-09-20 03:12:03.288000	2025-09-20 03:12:03.288000
01K5JHPYJPYFZ01X0QTMK25J3J	4684	01K5JHF72C2270YZ7WQEK78KYV	96.00	2025-05-07 12:00:00.000000	446804	2025-09-20 03:12:03.744000	2025-09-20 03:12:03.744000
01K5JHPYZGCSP57TY1160GDB73	4684	01K5JHF7CF13S3WT0XDM0MRM9D	91.00	2024-05-30 12:00:00.000000	448605	2025-09-20 03:12:04.156000	2025-09-20 03:12:04.156000
01K5JHPZDH42CPH8RGJXD39H4R	4684	01K5JHF7PFNEABZZA7BAWD66V5	85.00	2024-06-14 12:00:00.000000	449733	2025-09-20 03:12:04.603000	2025-09-20 03:12:04.603000
01K5JHPZW8DW4DJSBGHB23X6DT	4684	01K5JHF80G6WDHPHS94TZJ1CSA	100.00	2024-07-05 12:00:00.000000	452070	2025-09-20 03:12:05.075000	2025-09-20 03:12:05.075000
01K5JHQ083XQYK4W8C0TJF08MY	4684	01K5JHF8AJS8TA1FXATTP8TKW3	92.00	2025-05-21 12:00:00.000000	454587	2025-09-20 03:12:05.455000	2025-09-20 03:12:05.455000
01K5JHQ0KYK783JJHR9AXVPDN5	4684	01K5JHF8N5QYRCGRKSARQ8PRPZ	97.00	2024-09-12 12:00:00.000000	457369	2025-09-20 03:12:05.834000	2025-09-20 03:12:05.834000
01K5JHQ12HT4ZZ7BDA72DTP1A0	4684	01K5JHF8Z7RQ0RX1WMDSF7YJH8	95.00	2024-09-27 12:00:00.000000	459502	2025-09-20 03:12:06.299000	2025-09-20 03:12:06.299000
01K5JHQ1EA88YNRR66FBH4RC3P	4684	01K5JHF9A3DEP69T8PHCXPTJ9N	88.00	2024-10-29 13:00:00.000000	460720	2025-09-20 03:12:06.677000	2025-09-20 03:12:06.677000
01K5JHQ1T7BC6YH2SK5TBHWX4Z	4684	01K5JHF9M3VQY92DP191YQ9TC1	100.00	2024-11-25 13:00:00.000000	462933	2025-09-20 03:12:07.059000	2025-09-20 03:12:07.059000
01K5JHQ37419W05SMTD52S1Z62	4684	01K5JHFB1XA8B69X393YB7367J	80.00	2021-08-05 12:00:00.000000	411492	2025-09-20 03:12:08.494000	2025-09-20 03:12:08.494000
01K5JHQ3MAE8DC2J4VZ1N851WP	4684	01K5JHFBM9XEWBHFVXTWBAV5X4	83.00	2022-02-23 13:00:00.000000	411493	2025-09-20 03:12:08.916000	2025-09-20 03:12:08.916000
01K5JHQ42H9ZRSS9G29XA7GFYJ	4684	01K5JHFC8AH32CM8S8MBQ3KXMN	83.00	2022-05-18 12:00:00.000000	411494	2025-09-20 03:12:09.372000	2025-09-20 03:12:09.372000
01K5JHQ4FD997RAF5JCWX7AC33	4684	01K5JHFCS9XDMYWKTMGRENF7CN	88.00	2022-05-26 12:00:00.000000	411495	2025-09-20 03:12:09.786000	2025-09-20 03:12:09.786000
01K5JHQ4VH3AVJKK7Y61HF90GR	4684	01K5JHFDBQT38GJNRKNV12QPD1	80.00	2022-06-22 12:00:00.000000	411496	2025-09-20 03:12:10.173000	2025-09-20 03:12:10.173000
01K5JHQ57R91HGGDBH9XK1TRVB	4684	01K5JHFDWWM0723ES3CR9TZWNK	97.00	2022-09-08 12:00:00.000000	411497	2025-09-20 03:12:10.563000	2025-09-20 03:12:10.563000
01K5JHQ8H2V45Y6Y925QWHF2DC	4684	01K5JHFFC0SA0MQZ7E48A62RDP	83.00	2023-05-23 12:00:00.000000	422406	2025-09-20 03:12:13.933000	2025-09-20 03:12:13.933000
01K5JHQ8ZNN2F3AAW29MF20D8T	4684	01K5JHFFYQZR1YKNYKPK2K2YWC	88.00	2023-06-26 12:00:00.000000	422407	2025-09-20 03:12:14.400000	2025-09-20 03:12:14.400000
01K5JHQ9BCWJCY7SB97BM3BXD6	4684	01K5JHFGHX83644Y3WSPQDKS49	89.00	2023-09-20 12:00:00.000000	429850	2025-09-20 03:12:14.775000	2025-09-20 03:12:14.775000
01K5JHQ9QE4MMN59BKRMM295FQ	4684	01K5JHFH4J2FKN25QBY3C5EBKY	92.00	2023-12-01 13:00:00.000000	436321	2025-09-20 03:12:15.161000	2025-09-20 03:12:15.161000
01K5JHQB5Q3Z73HJ94G7KVQAPG	4684	01K5JHFJGYW7SRE4EB7KPCHNHK	84.00	2024-04-08 12:00:00.000000	444061	2025-09-20 03:12:16.642000	2025-09-20 03:12:16.642000
01K5JHQBHDV6867PWMT1PFNCTX	4684	01K5JHFK2A9RYWGMNR64YPX8EF	84.00	2024-06-27 12:00:00.000000	450742	2025-09-20 03:12:17.016000	2025-09-20 03:12:17.016000
01K5JHQBXVQSYZ2C937T6XD66W	4684	01K5JHFKN5SZ5S6D77H5G23AYP	82.00	2024-09-23 12:00:00.000000	457974	2025-09-20 03:12:17.415000	2025-09-20 03:12:17.415000
01K5JHQCB9WQNFBY0SBNSPC6J4	4684	01K5JHFM8AWYMWFBT0KVAZQG1Y	90.00	2024-12-04 13:00:00.000000	463700	2025-09-20 03:12:17.844000	2025-09-20 03:12:17.844000
01K5JHYMM97ZWDQ1P04Z4BTRNR	4725	01K5JHB6XJ0X9DAH40S8GHHCP9	92.00	2023-06-16 12:00:00.000000	421598	2025-09-20 03:16:15.698000	2025-09-20 03:16:15.698000
01K5JHYN4496G11JQQ167YESBN	4725	01K5JHB7G8ZZ7TPRJ2K417D4XC	85.00	2023-09-15 12:00:00.000000	429586	2025-09-20 03:16:16.205000	2025-09-20 03:16:16.205000
01K5JHYNH9S2M2WNYYZ6DKASRA	4725	01K5JHB8125G93RZ94S8Z2V4BW	90.50	2024-03-12 13:00:00.000000	456658	2025-09-20 03:16:16.626000	2025-09-20 03:16:16.626000
01K5JHYNX04P5HXKEPZH2YHWJX	4725	01K5JHB8JWG2GVAKVVG0YGJM52	96.00	2024-09-02 12:00:00.000000	456655	2025-09-20 03:16:17.000000	2025-09-20 03:16:17.000000
01K5JHYP9363T84FE83Y5GEC1E	4725	01K5JHB94ZKPJ969SY2Q2R5ET0	88.50	2025-02-27 13:00:00.000000	471336	2025-09-20 03:16:17.388000	2025-09-20 03:16:17.388000
01K5JHYPMYQKXWQQE7Y2TGSNDZ	4725	01K5JHB9NV91D4DS9W1D2NCQET	86.00	2025-04-02 13:00:00.000000	471337	2025-09-20 03:16:17.766000	2025-09-20 03:16:17.766000
01K5JHYQ0VM4RB7W523FKT4JVF	4725	01K5JHBA6VVKMYZXXTZG2P9R46	80.00	2023-03-25 13:00:00.000000	474795	2025-09-20 03:16:18.147000	2025-09-20 03:16:18.147000
01K5JHYQCGP7FRNYZK6DKR18MM	4725	01K5JHBAR6Q4873JYHQE6K0QWX	97.00	2025-07-18 12:00:00.000000	480500	2025-09-20 03:16:18.521000	2025-09-20 03:16:18.521000
01K5JHYQRGM15RCQFFQNE2R6KZ	4725	01K5JHBBADE8FYM7NWTJJDGC03	94.00	2025-08-14 12:00:00.000000	482222	2025-09-20 03:16:18.906000	2025-09-20 03:16:18.906000
01K5JHYSX8458B6VN2KJBRTRJG	4725	01K5JHBQBD1X9DZ5WDBZZ1NJ4C	99.00	2023-02-17 13:00:00.000000	415246	2025-09-20 03:16:21.106000	2025-09-20 03:16:21.106000
01K5JHYTDXDBZ9VKFR8GSCWV1V	4725	01K5JHBQWBW6V807ZKSD59RE20	90.00	2023-06-22 12:00:00.000000	422052	2025-09-20 03:16:21.641000	2025-09-20 03:16:21.641000
01K5JHYTXY3H2SSWYEDBBEK76K	4725	01K5JHBRDJD8NSXRB6EJ88GQSH	92.00	2023-09-06 12:00:00.000000	428778	2025-09-20 03:16:22.151000	2025-09-20 03:16:22.151000
01K5JHYV9J7T520MS8X711VD4A	4725	01K5JHBS3F99CV8T4Q96EA3TS5	83.50	2023-11-30 13:00:00.000000	436331	2025-09-20 03:16:22.523000	2025-09-20 03:16:22.523000
01K5JHYVNDQTM6HEW4G9AMGNFX	4725	01K5JHBSN102XF92XKBB1RMV1Z	80.00	2024-04-09 12:00:00.000000	444327	2025-09-20 03:16:22.902000	2025-09-20 03:16:22.902000
01K5JHYW17YWZ7QDZF688AVQJ0	4725	01K5JHBT9XQ0JXQERCWZM6GEQS	97.50	2024-07-29 12:00:00.000000	453657	2025-09-20 03:16:23.279000	2025-09-20 03:16:23.279000
01K5JHYWFNS9D66T0XP3XB51K7	4725	01K5JHBTYKR1DCEZ6YXDF36QN1	80.00	2009-04-25 12:00:00.000000	472808	2025-09-20 03:16:23.742000	2025-09-20 03:16:23.742000
01K5JHYWVHZ2NF4X7E4W3CD2CV	4725	01K5JHBVFQZ33F0JWQZCM640BW	84.00	2019-05-25 12:00:00.000000	474327	2025-09-20 03:16:24.122000	2025-09-20 03:16:24.122000
01K5JHYX7CMA22KP1YWKG52DP7	4725	01K5JHBW3G4A7W4SVE68NZN97A	88.00	2025-06-23 12:00:00.000000	477342	2025-09-20 03:16:24.502000	2025-09-20 03:16:24.502000
01K5JHYXKN5PY6Z52T3TZTXK41	4725	01K5JHBWN066NCRGQ1PEWBV2C1	89.00	2025-08-08 12:00:00.000000	482220	2025-09-20 03:16:24.893000	2025-09-20 03:16:24.893000
01K5JHYXZCMSVRAMXD6EQK82XY	4725	01K5JHBX6PZTWYX4PE8TPZJVXQ	80.00	2025-09-10 12:00:00.000000	483579	2025-09-20 03:16:25.268000	2025-09-20 03:16:25.268000
01K5JHYZX36SG374SHKGW6G5B4	4725	01K5JHHAKQFC99R7ZKW3Y7ZN4X	95.50	2023-05-11 12:00:00.000000	418424	2025-09-20 03:16:27.245000	2025-09-20 03:16:27.245000
01K5JHZ08WCVWS5Z2MYXG9XTXX	4725	01K5JHHB4NWN1NXHJPVDW208R0	95.50	2023-06-22 12:00:00.000000	422053	2025-09-20 03:16:27.621000	2025-09-20 03:16:27.621000
01K5JHZ0P29DQDN0G890P2X3R5	4725	01K5JHHBQ9YFR1Q4CB8GJ5XDNM	98.50	2023-08-21 12:00:00.000000	427115	2025-09-20 03:16:28.043000	2025-09-20 03:16:28.043000
01K5JHZ13X43Q7DSMTHYVSDH6M	4725	01K5JHHC8D0036373DQQMM3WP6	90.00	2023-09-22 12:00:00.000000	431578	2025-09-20 03:16:28.486000	2025-09-20 03:16:28.486000
01K5JHZ1FV150FHXZPFHXR1ENT	4725	01K5JHHCMD8AY1GKASDTAMY9Z8	93.50	2023-11-22 13:00:00.000000	435556	2025-09-20 03:16:28.869000	2025-09-20 03:16:28.869000
01K5JHZ1XYBPFKKR4DZFRBABZR	4725	01K5JHHCYJFW7HKSQMVPE2M20F	99.00	2024-03-22 13:00:00.000000	443003	2025-09-20 03:16:29.319000	2025-09-20 03:16:29.319000
01K5JHZ2DYNBRY7ZXC5D8J1YQB	4725	01K5JHHD8JHS5B4BNPXAT15T4D	92.00	2024-07-05 12:00:00.000000	452069	2025-09-20 03:16:29.831000	2025-09-20 03:16:29.831000
01K5JHZ2V1VPFCRH3GNDZQRACS	4725	01K5JHHDJE85TR0W770534G6Y6	92.50	2024-09-13 12:00:00.000000	457366	2025-09-20 03:16:30.250000	2025-09-20 03:16:30.250000
01K5JHZ36R4PBM140ED20CVPCG	4725	01K5JHHDWG7Q89VJ7YWVNV6D1X	90.00	2013-09-24 12:00:00.000000	471535	2025-09-20 03:16:30.625000	2025-09-20 03:16:30.625000
01K5JHZ3MA4FXXY9WMTQARDZJA	4725	01K5JHHE6F6YK6HY0R7GNH1M92	94.75	2025-02-27 13:00:00.000000	471338	2025-09-20 03:16:31.059000	2025-09-20 03:16:31.059000
01K5JHZ40T4K373BC3YE2TYAZS	4725	01K5JHHEJ0QM4ENTPPW618V1XN	90.00	2014-05-25 12:00:00.000000	474098	2025-09-20 03:16:31.460000	2025-09-20 03:16:31.460000
01K5JHZ4FTPF8TG7VRD0GVHNDG	4725	01K5JHHEW39X04G9PNTP58Z329	92.00	2025-06-10 12:00:00.000000	476420	2025-09-20 03:16:31.940000	2025-09-20 03:16:31.940000
01K5JHZ64M3GKWS407GNC366JC	4725	01K5JHCKPC19ZPK0G506D5V43T	94.00	2025-07-24 12:00:00.000000	480498	2025-09-20 03:16:33.630000	2025-09-20 03:16:33.630000
01K5JHZ6GB9RSWX8WFYNHVK007	4725	01K5JHCMBDKC0T8CGNDDMRXZRT	99.00	2025-08-21 12:00:00.000000	482223	2025-09-20 03:16:34.005000	2025-09-20 03:16:34.005000
01K5JHZ9FY99CD4NWRZ5RWTZBS	4725	01K5JHD57D2NZKJP9EFA10K8BT	84.00	2025-08-25 12:00:00.000000	482485	2025-09-20 03:16:37.064000	2025-09-20 03:16:37.064000
01K5JHZCW7SK43VJDHMACXMHDP	4725	01K5JHDSN2CSEXA185E9VRNPXX	84.00	2022-03-29 13:00:00.000000	416904	2025-09-20 03:16:40.528000	2025-09-20 03:16:40.528000
01K5JHZD86WHRKT38VY60S933T	4725	01K5JHDTA0H1EYH2XG1E1J0MN0	80.00	2022-05-19 12:00:00.000000	416905	2025-09-20 03:16:40.912000	2025-09-20 03:16:40.912000
01K5JHZDM4QN3H2YPVSB3S3EJ1	4725	01K5JHDTXB5DN3AGFFA4HG1FNH	97.00	2022-06-03 12:00:00.000000	416906	2025-09-20 03:16:41.293000	2025-09-20 03:16:41.293000
01K5JHZE0HQ7NPEPFNCS3HB34D	4725	01K5JHDVHWAW5AHFXHF1QP1HRJ	87.50	2022-06-28 12:00:00.000000	416907	2025-09-20 03:16:41.692000	2025-09-20 03:16:41.692000
01K5JHZECPPQ2BHHPFAV4HDYMB	4725	01K5JHDW3C7K0S8KREXCRYNPM1	80.00	2022-08-12 12:00:00.000000	416908	2025-09-20 03:16:42.080000	2025-09-20 03:16:42.080000
01K5JHZERMMNAEERHR0NBADW7H	4725	01K5JHDWR929DRC52Y9X7347MS	88.50	2022-09-15 12:00:00.000000	416909	2025-09-20 03:16:42.461000	2025-09-20 03:16:42.461000
01K5JHZF4J669F2KBZPKBAJ2AE	4725	01K5JHDXD7D3090PDGF12BPJEJ	96.00	2022-10-28 13:00:00.000000	416910	2025-09-20 03:16:42.844000	2025-09-20 03:16:42.844000
01K5JHZFGEJTHPRMH0J29ZARER	4725	01K5JHDXYCWJS6JESETG26FNHX	89.00	2022-11-18 13:00:00.000000	416911	2025-09-20 03:16:43.224000	2025-09-20 03:16:43.224000
01K5JHZFWG9H8SKGGF1745CTNW	4725	01K5JHDYGGECY28XFTPSX7P0FM	94.50	2023-03-07 13:00:00.000000	415249	2025-09-20 03:16:43.609000	2025-09-20 03:16:43.609000
01K5JHZG89P1RP0A5NPN4CB9EB	4725	01K5JHDZ2E1QDF5K4S34HXH8FD	93.50	2023-05-09 12:00:00.000000	418425	2025-09-20 03:16:43.987000	2025-09-20 03:16:43.987000
01K5JHZGM909B0F6MEVT31B7QE	4725	01K5JHDZKFFWHXHCHNTFBDNJCZ	97.50	2023-06-06 12:00:00.000000	420688	2025-09-20 03:16:44.371000	2025-09-20 03:16:44.371000
01K5JHZH06VQH0ADNKS69THANW	4725	01K5JHE04MZEZV3DTVXAN0261T	90.00	2023-06-29 12:00:00.000000	422838	2025-09-20 03:16:44.751000	2025-09-20 03:16:44.751000
01K5JHZJS935VNE42YX083Z2Y8	4725	01K5JHE22GMYQXHB7W957N8VCF	80.00	2023-08-24 12:00:00.000000	427887	2025-09-20 03:16:46.579000	2025-09-20 03:16:46.579000
01K5JHZK52F455C4GHXNZ9NT3C	4725	01K5JHE2M7CJBN6XM5JAVNNNXM	84.50	2023-11-02 13:00:00.000000	433427	2025-09-20 03:16:46.956000	2025-09-20 03:16:46.956000
01K5JHZKH0355MM8RS93W5DW1S	4725	01K5JHE366HJJDMQ3QYYSZ4X9Y	93.50	2024-02-20 13:00:00.000000	440352	2025-09-20 03:16:47.338000	2025-09-20 03:16:47.338000
01K5JHZKWXZAKNJSW19V3RZE08	4725	01K5JHE3VBRYQ1DW5K9ABP2FK4	83.50	2024-05-09 12:00:00.000000	446809	2025-09-20 03:16:47.719000	2025-09-20 03:16:47.719000
01K5JHZM8SR3GFATZRT3MTJAPZ	4725	01K5JHE4DPQ19TZEC49GXA4E4J	92.00	2024-08-08 12:00:00.000000	454130	2025-09-20 03:16:48.100000	2025-09-20 03:16:48.100000
01K5JHZMMJ1G2M4R0RF97ZWGQZ	4725	01K5JHE4ZEMHM751PNB8T5F3M5	80.50	2024-11-08 13:00:00.000000	461417	2025-09-20 03:16:48.476000	2025-09-20 03:16:48.476000
01K5JHZN10P1EGH1EP1BK7BJA1	4725	01K5JHE5KR0JKDTRE87P7D65N6	98.00	2024-12-12 13:00:00.000000	464395	2025-09-20 03:16:48.876000	2025-09-20 03:16:48.876000
01K5JHZNCZKEFJTY4QXH3MQ8TZ	4725	01K5JHE656NYVJJYMM6ZHJ2ZBJ	86.50	2025-08-12 12:00:00.000000	482221	2025-09-20 03:16:49.257000	2025-09-20 03:16:49.257000
01K5JHZNRYXFPC0QC4HXD0FSHS	4725	01K5JHE6QBW05DWXBM0RHJVRB8	80.00	2025-03-19 13:00:00.000000	471340	2025-09-20 03:16:49.639000	2025-09-20 03:16:49.639000
01K5JHZP4TRAZNPXDM0CY3AZVD	4725	01K5JHE7AN3T5E1N1NDJVC5WP3	93.50	2009-05-25 12:00:00.000000	474097	2025-09-20 03:16:50.020000	2025-09-20 03:16:50.020000
01K5JHZPGNMZ1KZAEJV6GBJ1KS	4725	01K5JHE7YPVA1G5NJ6QN40P6X1	89.00	2025-06-05 12:00:00.000000	476419	2025-09-20 03:16:50.399000	2025-09-20 03:16:50.399000
01K5JHZPWZ2H2Q8E5TZ6AVXX9Q	4725	01K5JHE8HXB3XJSHDB05JGM0ME	81.00	2025-07-21 12:00:00.000000	480501	2025-09-20 03:16:50.793000	2025-09-20 03:16:50.793000
01K5JHZR1S7XD4J4YVBW7FACEJ	4725	01K5JHHNXR9SDWJBQMX3WXKY59	98.00	2025-08-27 12:00:00.000000	482886	2025-09-20 03:16:51.971000	2025-09-20 03:16:51.971000
01K5JHZRDGTAGKPEQRHGBB9T36	4725	01K5JHHPHRE2QGRJSFYRMMGF69	96.00	2025-09-11 12:00:00.000000	483875	2025-09-20 03:16:52.345000	2025-09-20 03:16:52.345000
01K5JHZT6F3DAR6NDY999Y49JN	4725	01K5JHEJB0TG4FJE560MWQTYCQ	80.00	2023-05-22 12:00:00.000000	419955	2025-09-20 03:16:54.167000	2025-09-20 03:16:54.167000
01K5JHZTJ8G461X3PQ26J3XBJD	4725	01K5JHEJX83M9GXFMG4PJRDTEX	88.00	2023-06-23 12:00:00.000000	422229	2025-09-20 03:16:54.546000	2025-09-20 03:16:54.546000
01K5JHZTY5KKZJY42AB9SP0HKP	4725	01K5JHEKEEVDCM72TCHNEMY3FK	86.00	2023-09-20 12:00:00.000000	429841	2025-09-20 03:16:54.925000	2025-09-20 03:16:54.925000
01K5JHZW8MX4ZBY74E01WNEDNA	4725	01K5JHPEAYV61RMKRNFNJ54N39	90.00	2024-04-05 13:00:00.000000	443996	2025-09-20 03:16:56.285000	2025-09-20 03:16:56.285000
01K5JHZWSJ7WYN4NBDSW6262B1	4725	01K5JHPFEYVD991R6WSC73BV7M	80.00	2024-09-23 12:00:00.000000	458253	2025-09-20 03:16:56.828000	2025-09-20 03:16:56.828000
01K5JHZX5TNS6P7EJ662YJYXZ3	4725	01K5JHPG0NCD6PMHYS9RFCAXJG	81.00	2024-11-29 13:00:00.000000	463554	2025-09-20 03:16:57.218000	2025-09-20 03:16:57.218000
01K5JHZYWWSV2R0K9YQS3VW4MH	4725	01K5JHEPBGGK5420KHD35RSZKB	100.00	2023-03-30 13:00:00.000000	415248	2025-09-20 03:16:58.980000	2025-09-20 03:16:58.980000
01K5JHZZAGKBSVQP0Y86RE2JQE	4725	01K5JHEPX9CK0QTS4W3W5HATBF	97.50	2023-06-30 12:00:00.000000	423036	2025-09-20 03:16:59.417000	2025-09-20 03:16:59.417000
01K5JHZZP9YDW2NS6EXFQ0ZQNN	4725	01K5JHEQGFWHEFC8EFB76RMBG6	97.50	2023-09-21 12:00:00.000000	431579	2025-09-20 03:16:59.795000	2025-09-20 03:16:59.795000
01K5JJ0048XMCRGA9ZK6GDCCEJ	4725	01K5JHER54MMRQ10ARWZK871QT	97.50	2023-12-07 13:00:00.000000	436620	2025-09-20 03:17:00.242000	2025-09-20 03:17:00.242000
01K5JJ00GF00V0BR5X1XAEP45R	4725	01K5JHERPWWJW0FM78D0XKWXSW	98.50	2024-07-01 12:00:00.000000	451004	2025-09-20 03:17:00.634000	2025-09-20 03:17:00.634000
01K5JJ00WAGSEKCFA0RV03N80J	4725	01K5JHES8B356XQB11TJ4Z6G9C	100.00	2024-09-26 12:00:00.000000	459499	2025-09-20 03:17:01.011000	2025-09-20 03:17:01.011000
01K5JJ0196MRQKSMBNX629A09A	4725	01K5JHESSS8A060M9CY5J40ZF1	95.50	2024-12-11 13:00:00.000000	464275	2025-09-20 03:17:01.424000	2025-09-20 03:17:01.424000
01K5JJ01NACHZG9R5PCNE0WHJX	4725	01K5JHETB0W06QQV3R7HC3EVV2	98.50	2025-03-17 13:00:00.000000	471339	2025-09-20 03:17:01.812000	2025-09-20 03:17:01.812000
01K5JJ0240SE6W8JJZBFG9YKKW	4725	01K5JHETYQXH92E2WX1B1TJXPG	88.50	2017-03-25 13:00:00.000000	473121	2025-09-20 03:17:02.282000	2025-09-20 03:17:02.282000
01K5JJ02G9PG4QF47XMKHRZ5B4	4725	01K5JHEVFV09P58AY64S0BDE1J	99.00	2021-05-25 12:00:00.000000	474518	2025-09-20 03:17:02.674000	2025-09-20 03:17:02.674000
01K5JJ02W8WMVHYSNK8AQPDP7T	4725	01K5JHEW53X9R0JF3HZZQ49G1M	97.00	2025-06-12 12:00:00.000000	476648	2025-09-20 03:17:03.057000	2025-09-20 03:17:03.057000
01K5JJ0392BKMBK5866HE8XN9Z	4725	01K5JHEWT48B1BXX1HTYEFBF8C	96.00	2025-07-30 12:00:00.000000	480499	2025-09-20 03:17:03.468000	2025-09-20 03:17:03.468000
01K5JJ04AAFM3PKPCTXN70TNNW	4725	01K5JHEYZ97RCSRW50Q3QNP0KT	80.00	2025-09-15 12:00:00.000000	483941	2025-09-20 03:17:04.531000	2025-09-20 03:17:04.531000
01K5JJ07B3FN0V4W7PC7HJ3W0A	4725	01K5JHFB1XA8B69X393YB7367J	91.00	2022-05-26 12:00:00.000000	447699	2025-09-20 03:17:07.628000	2025-09-20 03:17:07.628000
01K5JJ07PZ222MB2SZNJ9X2M5A	4725	01K5JHFBM9XEWBHFVXTWBAV5X4	80.00	2023-03-28 13:00:00.000000	447700	2025-09-20 03:17:08.011000	2025-09-20 03:17:08.011000
01K5JJ084R0FEC6KG7SZA7HS5M	4725	01K5JHFC8AH32CM8S8MBQ3KXMN	83.00	2023-05-30 12:00:00.000000	447701	2025-09-20 03:17:08.450000	2025-09-20 03:17:08.450000
01K5JJ08GG0GSSW0A85QSH3JH0	4725	01K5JHFCS9XDMYWKTMGRENF7CN	80.00	2024-09-19 12:00:00.000000	457927	2025-09-20 03:17:08.825000	2025-09-20 03:17:08.825000
01K5JJ0A2KPE478086QEC2NHDP	4725	01K5JHFFC0SA0MQZ7E48A62RDP	84.00	2023-05-23 12:00:00.000000	429999	2025-09-20 03:17:10.428000	2025-09-20 03:17:10.428000
01K5JJ0AG10DD09BZMJ8FJX9PS	4725	01K5JHFFYQZR1YKNYKPK2K2YWC	84.00	2023-06-26 12:00:00.000000	430000	2025-09-20 03:17:10.861000	2025-09-20 03:17:10.861000
01K5JJ0AW0WT1GDA7FBDRAAFYW	4725	01K5JHFGHX83644Y3WSPQDKS49	88.00	2023-09-20 12:00:00.000000	429842	2025-09-20 03:17:11.244000	2025-09-20 03:17:11.244000
01K5JJ0B8N89Q05P1JECS81SMY	4725	01K5JHFH4J2FKN25QBY3C5EBKY	80.00	2023-12-01 13:00:00.000000	436325	2025-09-20 03:17:11.646000	2025-09-20 03:17:11.646000
01K5JJ0CJWWVRFJRP4DGR03ZDV	4725	01K5JHFJGYW7SRE4EB7KPCHNHK	88.00	2024-04-08 12:00:00.000000	444063	2025-09-20 03:17:12.998000	2025-09-20 03:17:12.998000
01K5JJ0CYWAQJVZ1P4M0JDCTN5	4725	01K5JHFK2A9RYWGMNR64YPX8EF	86.00	2024-06-27 12:00:00.000000	450744	2025-09-20 03:17:13.382000	2025-09-20 03:17:13.382000
01K5JJ0DAQ1FX3ZE4J4TS5V9XH	4725	01K5JHFKN5SZ5S6D77H5G23AYP	86.00	2024-09-23 12:00:00.000000	457977	2025-09-20 03:17:13.760000	2025-09-20 03:17:13.760000
01K5JJ0DPTPQ64TVGDBVXZFX46	4725	01K5JHFM8AWYMWFBT0KVAZQG1Y	88.00	2024-12-04 13:00:00.000000	463699	2025-09-20 03:17:14.149000	2025-09-20 03:17:14.149000
01K5JJ0WA97A8BW5ADNW8DBG4F	4918	01K5JHB6XJ0X9DAH40S8GHHCP9	92.00	2024-04-08 12:00:00.000000	444055	2025-09-20 03:17:29.109000	2025-09-20 03:17:29.109000
01K5JJ0WPS43VMMHKNPQ4R8B6F	4918	01K5JHB7G8ZZ7TPRJ2K417D4XC	87.50	2024-07-25 12:00:00.000000	453355	2025-09-20 03:17:29.509000	2025-09-20 03:17:29.509000
01K5JJ0X30GAXRNGHPS1PRTC5M	4918	01K5JHB8125G93RZ94S8Z2V4BW	95.50	2024-09-19 12:00:00.000000	457922	2025-09-20 03:17:29.900000	2025-09-20 03:17:29.900000
01K5JJ0XF1N86QZRH4KTTB7H1H	4918	01K5JHB8JWG2GVAKVVG0YGJM52	98.50	2024-11-15 13:00:00.000000	462133	2025-09-20 03:17:30.284000	2025-09-20 03:17:30.284000
01K5JJ0XV4P28XB4584XGW2KD3	4918	01K5JHB94ZKPJ969SY2Q2R5ET0	94.00	2025-02-21 13:00:00.000000	468060	2025-09-20 03:17:30.671000	2025-09-20 03:17:30.671000
01K5JJ0Y730VVJMC72DCC1K10G	4918	01K5JHB9NV91D4DS9W1D2NCQET	97.00	2025-03-25 13:00:00.000000	471293	2025-09-20 03:17:31.054000	2025-09-20 03:17:31.054000
01K5JJ0YWZDZ1G3DHJ4JCKE2HH	4918	01K5JHBBADE8FYM7NWTJJDGC03	100.00	2015-05-25 12:00:00.000000	474033	2025-09-20 03:17:31.755000	2025-09-20 03:17:31.755000
01K5JJ10KHKPXTS4F4DSAY8J3B	4918	01K5JHBEW8K60WKB33TYWENDC9	97.00	2025-06-06 12:00:00.000000	476405	2025-09-20 03:17:33.500000	2025-09-20 03:17:33.500000
01K5JJ10ZVWXNND98S2Q2H7Y5H	4918	01K5JHBFEJKZTB3CW7V8AYV61K	95.00	2025-07-28 12:00:00.000000	480480	2025-09-20 03:17:33.895000	2025-09-20 03:17:33.895000
01K5JJ11BZ2DJEX1CST04EXCEF	4918	01K5JHBG0BK9TKBKMAKNHRZN93	96.50	2025-08-22 12:00:00.000000	482460	2025-09-20 03:17:34.282000	2025-09-20 03:17:34.282000
01K5JJ11QZNSHSK50XJBJSM85C	4918	01K5JHBGR6JB46VQFSK866W8TT	95.00	2025-09-12 12:00:00.000000	483942	2025-09-20 03:17:34.666000	2025-09-20 03:17:34.666000
01K5JJ15085VQEQMDCBMHMYS91	4918	01K5JHBQBD1X9DZ5WDBZZ1NJ4C	99.50	2023-03-09 13:00:00.000000	439938	2025-09-20 03:17:38.004000	2025-09-20 03:17:38.004000
01K5JJ15CGT6M683PFCVQNYAYF	4918	01K5JHBQWBW6V807ZKSD59RE20	80.00	2023-05-30 12:00:00.000000	439939	2025-09-20 03:17:38.396000	2025-09-20 03:17:38.396000
01K5JJ15RKRVGYZW8F421TCEBW	4918	01K5JHBRDJD8NSXRB6EJ88GQSH	92.00	2023-08-15 12:00:00.000000	439940	2025-09-20 03:17:38.783000	2025-09-20 03:17:38.783000
01K5JJ164S1GKRMTEJDK3VT3SX	4918	01K5JHBS3F99CV8T4Q96EA3TS5	93.50	2024-02-23 13:00:00.000000	440348	2025-09-20 03:17:39.172000	2025-09-20 03:17:39.172000
01K5JJ16H9CM1SGRSZY6Z752AS	4918	01K5JHBSN102XF92XKBB1RMV1Z	85.00	2024-04-05 13:00:00.000000	443982	2025-09-20 03:17:39.573000	2025-09-20 03:17:39.573000
01K5JJ16Y6KX3M4XCDVEQ04PP4	4918	01K5JHBT9XQ0JXQERCWZM6GEQS	93.00	2024-05-17 12:00:00.000000	447674	2025-09-20 03:17:39.985000	2025-09-20 03:17:39.985000
01K5JJ17ABVSM6NME0RTTJC7V0	4918	01K5JHBTYKR1DCEZ6YXDF36QN1	83.00	2024-09-10 12:00:00.000000	457364	2025-09-20 03:17:40.375000	2025-09-20 03:17:40.375000
01K5JJ17PEZFFG3SWV32E7TQ0P	4918	01K5JHBVFQZ33F0JWQZCM640BW	94.00	2024-12-02 13:00:00.000000	463543	2025-09-20 03:17:40.762000	2025-09-20 03:17:40.762000
01K5JJ182EGQ56J5KMW3QG7KW5	4918	01K5JHBW3G4A7W4SVE68NZN97A	95.00	2025-02-27 13:00:00.000000	471287	2025-09-20 03:17:41.147000	2025-09-20 03:17:41.147000
01K5JJ18EC2EQXM1Z33C4PKRPG	4918	01K5JHBWN066NCRGQ1PEWBV2C1	99.00	2025-03-25 13:00:00.000000	471294	2025-09-20 03:17:41.528000	2025-09-20 03:17:41.528000
01K5JJ18TFXNP8XG49CB268NS6	4918	01K5JHBX6PZTWYX4PE8TPZJVXQ	95.50	2012-05-25 12:00:00.000000	475390	2025-09-20 03:17:41.914000	2025-09-20 03:17:41.914000
01K5JJ196BM1JN0RYB23S90326	4918	01K5JHBXVDCYY0Y3JQAXST59KE	96.00	2025-05-29 12:00:00.000000	476404	2025-09-20 03:17:42.294000	2025-09-20 03:17:42.294000
01K5JJ1AE1VAY7S1T1JVDHWZYS	4918	01K5JHBZSXX56DRDYQZ82M31Q4	86.00	2025-06-25 12:00:00.000000	477501	2025-09-20 03:17:43.564000	2025-09-20 03:17:43.564000
01K5JJ1ATRNPH9455FMWCE38BN	4918	01K5JHC0BZ1KB9XHHVNMR2M28E	84.00	2025-08-01 12:00:00.000000	480477	2025-09-20 03:17:43.972000	2025-09-20 03:17:43.972000
01K5JJ1B7CPQSX2EH0M7YWATBN	4918	01K5JHC0YKH42ADG4J4F1AT5C3	91.00	2025-08-20 12:00:00.000000	482205	2025-09-20 03:17:44.376000	2025-09-20 03:17:44.376000
01K5JJ1BK7BTCD7NEQARAJXAE1	4918	01K5JHC1FHVVW9W1R3SW0EJZCM	93.75	2025-09-05 12:00:00.000000	483491	2025-09-20 03:17:44.755000	2025-09-20 03:17:44.755000
01K5JJ1E79481184E3W1RE5JS8	4918	01K5JHCDYKD4WMKPJXHJ2Q80TF	86.00	2023-03-01 13:00:00.000000	440925	2025-09-20 03:17:47.444000	2025-09-20 03:17:47.444000
01K5JJ1EK6TC6VH05HV8PPEGDN	4918	01K5JHCEGZKBZF1MY4WM8S41WT	86.00	2023-03-29 13:00:00.000000	440926	2025-09-20 03:17:47.825000	2025-09-20 03:17:47.825000
01K5JJ1EZT7ZYAW0ZBK0TMSK93	4918	01K5JHCF1TG8B327ZR67S6XN5A	86.00	2023-05-10 12:00:00.000000	440927	2025-09-20 03:17:48.229000	2025-09-20 03:17:48.229000
01K5JJ1FC8DEWSJB9451DPE7BZ	4918	01K5JHCFKGD6809F1DMFK24VR3	84.00	2023-06-07 12:00:00.000000	440928	2025-09-20 03:17:48.628000	2025-09-20 03:17:48.628000
01K5JJ1FR4WTGFSGCC9BS2RW0H	4918	01K5JHCG87H4XA7NFEFJHXN31Z	88.00	2023-08-16 12:00:00.000000	440929	2025-09-20 03:17:49.007000	2025-09-20 03:17:49.007000
01K5JJ1G50K9860SVG3ACWKM1F	4918	01K5JHCGSXA47G4V288GHBDKMS	92.00	2023-10-18 13:00:00.000000	440930	2025-09-20 03:17:49.420000	2025-09-20 03:17:49.420000
01K5JJ1JP405TP4TM6PVN40NXX	4918	01K5JHCKPC19ZPK0G506D5V43T	95.00	2024-02-26 13:00:00.000000	440933	2025-09-20 03:17:52.016000	2025-09-20 03:17:52.016000
01K5JJ1K241QPNJHM1M15NZ1D3	4918	01K5JHCMBDKC0T8CGNDDMRXZRT	90.00	2024-04-05 13:00:00.000000	443983	2025-09-20 03:17:52.400000	2025-09-20 03:17:52.400000
01K5JJ1KE23FR79HB66PNTA528	4918	01K5JHCN0A1YJ2FYPQAJM3C7YA	94.00	2024-05-23 12:00:00.000000	447676	2025-09-20 03:17:52.781000	2025-09-20 03:17:52.781000
01K5JJ1KT5D65TXYSJ9BX44GF6	4918	01K5JHCNR76XJAEPJ65MNQD99Y	95.50	2024-06-24 12:00:00.000000	450445	2025-09-20 03:17:53.173000	2025-09-20 03:17:53.173000
01K5JJ1M6CEPH64SQNQSR8P53C	4918	01K5JHCPAFF00F6Q83936DZTBQ	99.00	2024-08-09 12:00:00.000000	454180	2025-09-20 03:17:53.560000	2025-09-20 03:17:53.560000
01K5JJ1MJBQG3398ZN5Z4AXZFR	4918	01K5JHCPWWNCJETFV0Q90K1DTS	92.00	2024-09-16 12:00:00.000000	457417	2025-09-20 03:17:53.942000	2025-09-20 03:17:53.942000
01K5JJ1MY7TGZ31X5T0HX236HT	4918	01K5JHCQEME5WWN0NMWK8EX87A	92.50	2024-11-13 13:00:00.000000	462034	2025-09-20 03:17:54.322000	2025-09-20 03:17:54.322000
01K5JJ1NA3DDEYD96DKSB5DM9D	4918	01K5JHCR0C5XCAH8XSYR4RGWJ6	100.00	2024-12-10 13:00:00.000000	464272	2025-09-20 03:17:54.702000	2025-09-20 03:17:54.702000
01K5JJ1NP2RKFX19DT5R0XXSRF	4918	01K5JHCRHWW1SXNFREEJF0H9RJ	100.00	2010-04-25 12:00:00.000000	472811	2025-09-20 03:17:55.085000	2025-09-20 03:17:55.085000
01K5JJ1P24MSNJXWH5P0XBKBQG	4918	01K5JHCS53P45XGHHN1K5BEWAC	99.00	2025-02-26 13:00:00.000000	471286	2025-09-20 03:17:55.472000	2025-09-20 03:17:55.472000
01K5JJ1PE53EH1VW76870PNMZJ	4918	01K5JHCSVEHWJ6QJXJFT3RWQF9	100.00	2025-03-19 13:00:00.000000	471291	2025-09-20 03:17:55.857000	2025-09-20 03:17:55.857000
01K5JJ1PT0327N6BDT7TY5W1PT	4918	01K5JHCTGCHZKZYWSMWYKQ4H3G	100.00	2025-06-09 12:00:00.000000	476406	2025-09-20 03:17:56.235000	2025-09-20 03:17:56.235000
01K5JJ1RJ1E13E28EY3CNH5M1K	4918	01K5JHCWN12A46VKCH94GWX5RF	83.50	2023-05-16 12:00:00.000000	439941	2025-09-20 03:17:58.028000	2025-09-20 03:17:58.028000
01K5JJ1RXY7JETPNA2HFNGKKV4	4918	01K5JHCX6G6F4A06C9M2N306AG	80.00	2023-06-28 12:00:00.000000	439942	2025-09-20 03:17:58.409000	2025-09-20 03:17:58.409000
01K5JJ1SAV0S22JQAFFDF9BQQK	4918	01K5JHCXQG626PJN4SKPCZW67X	87.00	2023-08-16 12:00:00.000000	439943	2025-09-20 03:17:58.822000	2025-09-20 03:17:58.822000
01K5JJ1SPXEKBEJ651N102R0ZV	4918	01K5JHCY8RDM7R401AA36C75ZW	89.50	2023-09-27 13:00:00.000000	439944	2025-09-20 03:17:59.209000	2025-09-20 03:17:59.209000
01K5JJ1T2X4MSBD0Y2CZMJ247G	4918	01K5JHCYYM5SWDJZMJWKE83MZ8	84.00	2024-02-28 13:00:00.000000	440934	2025-09-20 03:17:59.592000	2025-09-20 03:17:59.592000
01K5JJ1TEWBEW26HFK4HTH2X2H	4918	01K5JHCZFSPMGNQ4XX5FE0SQX3	100.00	2024-04-03 13:00:00.000000	443785	2025-09-20 03:17:59.976000	2025-09-20 03:17:59.976000
01K5JJ1TTW2A66TSMV5S1R7PF8	4918	01K5JHD051PNEN2VG0FJ0T8GSJ	80.00	2024-05-23 12:00:00.000000	447675	2025-09-20 03:18:00.359000	2025-09-20 03:18:00.359000
01K5JJ1V6R7AFNASK6DQ44GTFQ	4918	01K5JHD0T00F74TNAH1ASA0BH3	88.00	2024-07-22 12:00:00.000000	453029	2025-09-20 03:18:00.740000	2025-09-20 03:18:00.740000
01K5JJ1VJPDG2CQBW21RDFZFWX	4918	01K5JHD1EMK722BG8163PFM8C9	80.00	2024-08-30 12:00:00.000000	456195	2025-09-20 03:18:01.121000	2025-09-20 03:18:01.121000
01K5JJ1VYMPP3MD63WMC1AG361	4918	01K5JHD22TVGSSG0BA5XCVYK9K	80.00	2024-11-27 13:00:00.000000	463071	2025-09-20 03:18:01.503000	2025-09-20 03:18:01.503000
01K5JJ1WCMHJ7SF5K702H4HGCM	4918	01K5JHD2M6EGXMBP39CY4RHGN2	88.00	2025-02-18 13:00:00.000000	468059	2025-09-20 03:18:01.952000	2025-09-20 03:18:01.952000
01K5JJ1WRMTXC2N31VW9ZVJEYH	4918	01K5JHD36RNB4WG3RYN0JWN0QJ	80.00	2025-03-17 13:00:00.000000	476643	2025-09-20 03:18:02.336000	2025-09-20 03:18:02.336000
01K5JJ1YBZVZ3SHDVBR2WN0392	4918	01K5JHD57D2NZKJP9EFA10K8BT	96.00	2025-03-27 13:00:00.000000	471295	2025-09-20 03:18:03.979000	2025-09-20 03:18:03.979000
01K5JJ1YQW0YK1A4PQ97NETKYF	4918	01K5JHD5RB90RXQHFDPM6ZBNXB	88.00	2019-05-06 12:00:00.000000	474320	2025-09-20 03:18:04.359000	2025-09-20 03:18:04.359000
01K5JJ1Z3P3Y19K7F7QMH4R5T1	4918	01K5JHD6A0DX0MHMDZQX3S7BWF	100.00	2019-05-25 12:00:00.000000	474321	2025-09-20 03:18:04.737000	2025-09-20 03:18:04.737000
01K5JJ1ZFPDEJHG432SMVAWNGE	4918	01K5JHD6XTN7D16Q91PB5V6B8A	100.00	2025-05-29 12:00:00.000000	476403	2025-09-20 03:18:05.121000	2025-09-20 03:18:05.121000
01K5JJ1ZVGHYTNDB21FRBQGH4Y	4918	01K5JHD7HV6MMRYC6DQ0K7GPEP	94.00	2025-06-18 12:00:00.000000	476933	2025-09-20 03:18:05.499000	2025-09-20 03:18:05.499000
01K5JJ207CNQ1V37GHB7NY6KRD	4918	01K5JHD83HXN091CGYX0YMYWWW	100.00	2025-07-25 12:00:00.000000	480479	2025-09-20 03:18:05.881000	2025-09-20 03:18:05.881000
01K5JJ20KBTZVYEBMG8ZNGPJQE	4918	01K5JHD8QDKX4T4E2G1F70EGN3	97.00	2025-08-08 12:00:00.000000	482004	2025-09-20 03:18:06.262000	2025-09-20 03:18:06.262000
01K5JJ20Z6N1E5GD7ADD95ZXYT	4918	01K5JHD987NBST9DGFQSF3R50E	85.00	2025-08-22 12:00:00.000000	482461	2025-09-20 03:18:06.642000	2025-09-20 03:18:06.642000
01K5JJ21BTW55CC3ZERY4JJ6YB	4918	01K5JHD9YMYAAXYGHS1RKT5ERD	94.00	2025-09-09 12:00:00.000000	483492	2025-09-20 03:18:07.046000	2025-09-20 03:18:07.046000
01K5JJ22WR7VCYQFJME3Z6D15V	4918	01K5JHDDC3888WZVC5E3NPKMXP	96.00	2025-09-09 12:00:00.000000	483493	2025-09-20 03:18:08.611000	2025-09-20 03:18:08.611000
01K5JJ2699NRVFRWNMR9ZP8GGN	4918	01K5JHDSN2CSEXA185E9VRNPXX	87.50	2022-02-04 13:00:00.000000	439925	2025-09-20 03:18:12.084000	2025-09-20 03:18:12.084000
01K5JJ26N55NAH9HSYMHKQ78ST	4918	01K5JHDTA0H1EYH2XG1E1J0MN0	92.50	2022-03-10 13:00:00.000000	439926	2025-09-20 03:18:12.465000	2025-09-20 03:18:12.465000
01K5JJ2714F0CNH86GDKPNJRWY	4918	01K5JHDTXB5DN3AGFFA4HG1FNH	95.00	2022-03-25 13:00:00.000000	439927	2025-09-20 03:18:12.848000	2025-09-20 03:18:12.848000
01K5JJ27D05J9790NQC5ZNAJE8	4918	01K5JHDVHWAW5AHFXHF1QP1HRJ	100.00	2022-04-07 12:00:00.000000	439928	2025-09-20 03:18:13.227000	2025-09-20 03:18:13.227000
01K5JJ27RWMMWWVJNMMYV35NAK	4918	01K5JHDW3C7K0S8KREXCRYNPM1	80.00	2022-05-20 12:00:00.000000	439929	2025-09-20 03:18:13.609000	2025-09-20 03:18:13.609000
01K5JJ284TH0YPZV0G5KF82XB5	4918	01K5JHDWR929DRC52Y9X7347MS	94.50	2022-06-14 12:00:00.000000	439930	2025-09-20 03:18:13.990000	2025-09-20 03:18:13.990000
01K5JJ28GNDVP18YTJT90NDY4M	4918	01K5JHDXD7D3090PDGF12BPJEJ	87.00	2022-07-07 12:00:00.000000	439931	2025-09-20 03:18:14.370000	2025-09-20 03:18:14.370000
01K5JJ28WR35T6XEJE8J2J0YSJ	4918	01K5JHDXYCWJS6JESETG26FNHX	80.00	2022-08-10 12:00:00.000000	439932	2025-09-20 03:18:14.756000	2025-09-20 03:18:14.756000
01K5JJ298P54JF709NP1VA0EN7	4918	01K5JHDYGGECY28XFTPSX7P0FM	97.50	2022-09-07 12:00:00.000000	439933	2025-09-20 03:18:15.138000	2025-09-20 03:18:15.138000
01K5JJ29MNCADY5E2M9NNM5WHW	4918	01K5JHDZ2E1QDF5K4S34HXH8FD	91.00	2022-11-18 13:00:00.000000	439934	2025-09-20 03:18:15.521000	2025-09-20 03:18:15.521000
01K5JJ2A0H89A30EZ2K3AZFZ9B	4918	01K5JHDZKFFWHXHCHNTFBDNJCZ	81.50	2023-02-28 13:00:00.000000	439935	2025-09-20 03:18:15.901000	2025-09-20 03:18:15.901000
01K5JJ2ACGZ9R5Z6BGR105TSZQ	4918	01K5JHE04MZEZV3DTVXAN0261T	86.50	2023-03-16 13:00:00.000000	439936	2025-09-20 03:18:16.284000	2025-09-20 03:18:16.284000
01K5JJ2C2NN9HE4EBX63J7PZQN	4918	01K5JHE22GMYQXHB7W957N8VCF	80.00	2024-03-12 13:00:00.000000	442402	2025-09-20 03:18:18.016000	2025-09-20 03:18:18.016000
01K5JJ2CEF1WXXJCVSYCJME4M2	4918	01K5JHE2M7CJBN6XM5JAVNNNXM	80.00	2024-05-27 12:00:00.000000	448600	2025-09-20 03:18:18.394000	2025-09-20 03:18:18.394000
01K5JJ2CT9XBZGSJW93Y2K45ZC	4918	01K5JHE366HJJDMQ3QYYSZ4X9Y	82.50	2024-07-03 12:00:00.000000	451248	2025-09-20 03:18:18.772000	2025-09-20 03:18:18.772000
01K5JJ2D65NCYQBNDCSM5GQBXG	4918	01K5JHE3VBRYQ1DW5K9ABP2FK4	93.50	2024-08-19 12:00:00.000000	454817	2025-09-20 03:18:19.153000	2025-09-20 03:18:19.153000
01K5JJ2DJWE8BW4DMAYAQWSZHE	4918	01K5JHE4DPQ19TZEC49GXA4E4J	82.50	2024-11-08 13:00:00.000000	461484	2025-09-20 03:18:19.560000	2025-09-20 03:18:19.560000
01K5JJ2DYQF8DRK4TW0WWADJRA	4918	01K5JHE4ZEMHM751PNB8T5F3M5	97.50	2025-03-13 13:00:00.000000	471289	2025-09-20 03:18:19.938000	2025-09-20 03:18:19.938000
01K5JJ2EARVHV7GJHG2VXWGF7E	4918	01K5JHE5KR0JKDTRE87P7D65N6	92.50	2025-04-04 13:00:00.000000	471297	2025-09-20 03:18:20.324000	2025-09-20 03:18:20.324000
01K5JJ2EPXH6FP9Z2DB2XNG5DG	4918	01K5JHE656NYVJJYMM6ZHJ2ZBJ	87.00	2021-05-25 12:00:00.000000	474515	2025-09-20 03:18:20.712000	2025-09-20 03:18:20.712000
01K5JJ2F30XQP9M4XRT28VN77C	4918	01K5JHE6QBW05DWXBM0RHJVRB8	97.50	2025-06-17 12:00:00.000000	476838	2025-09-20 03:18:21.099000	2025-09-20 03:18:21.099000
01K5JJ2FEV62AVF0M7ZH33R2JB	4918	01K5JHE7AN3T5E1N1NDJVC5WP3	85.00	2025-08-01 12:00:00.000000	480481	2025-09-20 03:18:21.479000	2025-09-20 03:18:21.479000
01K5JJ2FTWJ2C6SQR4Q86CBJDZ	4918	01K5JHE7YPVA1G5NJ6QN40P6X1	88.00	2025-08-21 12:00:00.000000	482206	2025-09-20 03:18:21.863000	2025-09-20 03:18:21.863000
01K5JJ2G6X97PS3NQTHDVX40EE	4918	01K5JHE8HXB3XJSHDB05JGM0ME	89.50	2025-09-03 12:00:00.000000	483248	2025-09-20 03:18:22.248000	2025-09-20 03:18:22.248000
01K5JJ2HP69RYABRHA2JNFN4WA	4918	01K5JHP49TE80GAAXTWW0B4KQY	100.00	2019-05-25 12:00:00.000000	474319	2025-09-20 03:18:23.761000	2025-09-20 03:18:23.761000
01K5JJ2J25RC8EPJ4QAH0TTBYS	4918	01K5JHP4TQ6KPR3Z7418T28F9N	91.00	2025-05-28 12:00:00.000000	476402	2025-09-20 03:18:24.144000	2025-09-20 03:18:24.144000
01K5JJ2JE4HM9915BT50FWWBRV	4918	01K5JHP5DE9YCVBFF6K0QQZ7RT	88.00	2025-06-17 12:00:00.000000	476837	2025-09-20 03:18:24.527000	2025-09-20 03:18:24.527000
01K5JJ2JT6KMBTE17N874W21ZJ	4918	01K5JHP619BA3P9EMWS0RCT8F3	86.00	2025-07-24 12:00:00.000000	480478	2025-09-20 03:18:24.914000	2025-09-20 03:18:24.914000
01K5JJ2K66BABXPWE6K4ZT89T7	4918	01K5JHP6KDCBVJQT5MMCXBDBB7	88.00	2025-08-06 12:00:00.000000	482002	2025-09-20 03:18:25.297000	2025-09-20 03:18:25.297000
01K5JJ2KJ2ZV88W1KB8503ZAC6	4918	01K5JHP743D1RA4SD735RJ97GX	88.00	2025-08-20 12:00:00.000000	482003	2025-09-20 03:18:25.677000	2025-09-20 03:18:25.677000
01K5JJ2MYVJP84T90M3FNNQSJ0	4918	01K5JHHNXR9SDWJBQMX3WXKY59	91.50	2023-08-10 12:00:00.000000	439945	2025-09-20 03:18:27.111000	2025-09-20 03:18:27.111000
01K5JJ2NBH1Q4HV02Z0C137D8R	4918	01K5JHHPHRE2QGRJSFYRMMGF69	87.50	2024-02-13 13:00:00.000000	439854	2025-09-20 03:18:27.517000	2025-09-20 03:18:27.517000
01K5JJ2NQP4S8X31VFNZYBKMSD	4918	01K5JHHQ4D50S8F6DD6XZ2E67W	90.00	2024-02-27 13:00:00.000000	440935	2025-09-20 03:18:27.906000	2025-09-20 03:18:27.906000
01K5JJ2P4EEFVRA9VKCDHX6CBD	4918	01K5JHHQNH690P125SWHBH4VCN	94.00	2024-03-15 13:00:00.000000	442403	2025-09-20 03:18:28.313000	2025-09-20 03:18:28.313000
01K5JJ2PG8Y8N78G58BT06DT4X	4918	01K5JHHR6E69XDWEX13FKVMWGK	100.00	2024-05-03 12:00:00.000000	446469	2025-09-20 03:18:28.692000	2025-09-20 03:18:28.692000
01K5JJ2PWA0AX038BSV8PDWGV6	4918	01K5JHHRQ8XR3KXF9ZWCDQ8CJB	100.00	2024-05-20 12:00:00.000000	447677	2025-09-20 03:18:29.078000	2025-09-20 03:18:29.078000
01K5JJ2R4Y7EWCYQECTK9ZHJHW	4918	01K5JHEJB0TG4FJE560MWQTYCQ	84.00	2024-04-05 13:00:00.000000	443984	2025-09-20 03:18:30.377000	2025-09-20 03:18:30.377000
01K5JJ2RH0S4XTCH9JY96D0ZB9	4918	01K5JHEJX83M9GXFMG4PJRDTEX	80.00	2024-06-27 12:00:00.000000	450748	2025-09-20 03:18:30.763000	2025-09-20 03:18:30.763000
01K5JJ2RX4EZ17TY8JSZXAH40T	4918	01K5JHEKEEVDCM72TCHNEMY3FK	80.00	2024-09-23 12:00:00.000000	458254	2025-09-20 03:18:31.151000	2025-09-20 03:18:31.151000
01K5JJ2S9HT0EYJF5YM4THE2SY	4918	01K5JHEM89GH5RRH3SYPDKGPG5	98.50	2024-11-28 13:00:00.000000	463147	2025-09-20 03:18:31.549000	2025-09-20 03:18:31.549000
01K5JJ2V7J543VSY3ADRMA98GH	4918	01K5JHEPBGGK5420KHD35RSZKB	100.00	2024-06-13 12:00:00.000000	449731	2025-09-20 03:18:33.533000	2025-09-20 03:18:33.533000
01K5JJ2VKJHC7JEBX8X4NAY0NN	4918	01K5JHEPX9CK0QTS4W3W5HATBF	96.00	2024-07-23 12:00:00.000000	453180	2025-09-20 03:18:33.917000	2025-09-20 03:18:33.917000
01K5JJ2VZEWT7R6RSABBCK13EF	4918	01K5JHEQGFWHEFC8EFB76RMBG6	100.00	2024-08-08 12:00:00.000000	454133	2025-09-20 03:18:34.298000	2025-09-20 03:18:34.298000
01K5JJ2WCJZCTRF7ZFMC2DJQQM	4918	01K5JHER54MMRQ10ARWZK871QT	100.00	2024-09-06 12:00:00.000000	456813	2025-09-20 03:18:34.717000	2025-09-20 03:18:34.717000
01K5JJ2WTSVFGF168QSDW1BJK2	4918	01K5JHERPWWJW0FM78D0XKWXSW	96.00	2024-09-26 12:00:00.000000	459495	2025-09-20 03:18:35.172000	2025-09-20 03:18:35.172000
01K5JJ2X6PYGKWFPTX8ZVYW56T	4918	01K5JHES8B356XQB11TJ4Z6G9C	94.50	2024-11-14 13:00:00.000000	462035	2025-09-20 03:18:35.553000	2025-09-20 03:18:35.553000
01K5JJ2XMHVG6NGKYTGE1SERSK	4918	01K5JHESSS8A060M9CY5J40ZF1	95.00	2024-12-06 13:00:00.000000	463901	2025-09-20 03:18:35.997000	2025-09-20 03:18:35.997000
01K5JJ2Y0K1PAV38VGD99NN1Z8	4918	01K5JHETB0W06QQV3R7HC3EVV2	94.00	2025-02-17 13:00:00.000000	468058	2025-09-20 03:18:36.384000	2025-09-20 03:18:36.384000
01K5JJ2YCQTMXTC7JPA8BEMDG1	4918	01K5JHETYQXH92E2WX1B1TJXPG	100.00	2025-03-06 13:00:00.000000	471288	2025-09-20 03:18:36.772000	2025-09-20 03:18:36.772000
01K5JJ2YRQCAPKWMY6X87Y909G	4918	01K5JHEVFV09P58AY64S0BDE1J	100.00	2025-03-21 13:00:00.000000	471292	2025-09-20 03:18:37.154000	2025-09-20 03:18:37.154000
01K5JJ2Z4MWGXA297NWF248TFX	4918	01K5JHEW53X9R0JF3HZZQ49G1M	96.00	2025-04-04 13:00:00.000000	471296	2025-09-20 03:18:37.536000	2025-09-20 03:18:37.536000
01K5JJ2ZGMV7P6RSRJK79E71WT	4918	01K5JHEWT48B1BXX1HTYEFBF8C	100.00	2013-05-25 12:00:00.000000	474034	2025-09-20 03:18:37.920000	2025-09-20 03:18:37.920000
01K5JJ30WAYQZFRNN8Q4BVT1NV	4918	01K5JHFB1XA8B69X393YB7367J	91.00	2022-03-10 13:00:00.000000	443796	2025-09-20 03:18:39.317000	2025-09-20 03:18:39.317000
01K5JJ318D1Z2QCH3RY4ZYMJ69	4918	01K5JHFBM9XEWBHFVXTWBAV5X4	80.00	2022-04-13 12:00:00.000000	443797	2025-09-20 03:18:39.706000	2025-09-20 03:18:39.706000
01K5JJ31MJ0GVD20Z32MGE3NMM	4918	01K5JHFC8AH32CM8S8MBQ3KXMN	86.00	2022-05-18 12:00:00.000000	443798	2025-09-20 03:18:40.094000	2025-09-20 03:18:40.094000
01K5JJ320EMHFXCFKZCFRQ5H8C	4918	01K5JHFCS9XDMYWKTMGRENF7CN	88.00	2022-08-03 12:00:00.000000	443799	2025-09-20 03:18:40.474000	2025-09-20 03:18:40.474000
01K5JJ32CAF2K6H974Q2FZ1ZH6	4918	01K5JHFDBQT38GJNRKNV12QPD1	80.00	2023-03-14 13:00:00.000000	443800	2025-09-20 03:18:40.853000	2025-09-20 03:18:40.853000
01K5JJ32SCZ7SSQHTGRE9SBVS5	4918	01K5JHFDWWM0723ES3CR9TZWNK	80.00	2023-06-01 12:00:00.000000	443801	2025-09-20 03:18:41.271000	2025-09-20 03:18:41.271000
01K5JJ34XZK2YR95905Y4FCRDT	4918	01K5JHFFC0SA0MQZ7E48A62RDP	80.00	2024-04-08 12:00:00.000000	444064	2025-09-20 03:18:43.467000	2025-09-20 03:18:43.467000
01K5JJ359X4ZXMJZKV7RRYXPCC	4918	01K5JHFFYQZR1YKNYKPK2K2YWC	80.00	2024-06-27 12:00:00.000000	450749	2025-09-20 03:18:43.849000	2025-09-20 03:18:43.849000
01K5JJ35QJE1X6VM56220YR0FF	4918	01K5JHFGHX83644Y3WSPQDKS49	80.00	2024-09-23 12:00:00.000000	457979	2025-09-20 03:18:44.285000	2025-09-20 03:18:44.285000
01K5JJ367QKXY8HRER4TWTDDH1	4918	01K5JHFH4J2FKN25QBY3C5EBKY	84.00	2024-12-04 13:00:00.000000	463696	2025-09-20 03:18:44.803000	2025-09-20 03:18:44.803000
01K5JJ37FGV804JQ26RNZY2DAW	4918	01K5JHFJGYW7SRE4EB7KPCHNHK	88.00	2025-04-04 13:00:00.000000	477344	2025-09-20 03:18:46.075000	2025-09-20 03:18:46.075000
01K5JJ37XWPDYEEJF8WEF7V8NQ	4918	01K5JHFK2A9RYWGMNR64YPX8EF	84.00	2025-06-25 12:00:00.000000	477478	2025-09-20 03:18:46.535000	2025-09-20 03:18:46.535000
01K5JJ389WV4KE37EEWQMCKYD5	4918	01K5JHFKN5SZ5S6D77H5G23AYP	83.00	2025-09-16 12:00:00.000000	484050	2025-09-20 03:18:46.920000	2025-09-20 03:18:46.920000
01K5R2CS2CRFNMQNMCG9SVNKXW	5139	01K5JHB6XJ0X9DAH40S8GHHCP9	94.25	2025-04-02 13:00:00.000000	471263	2025-09-22 06:39:48.376000	2025-09-22 06:39:48.376000
01K5R2CSF55NAM7RFPYV53TTCN	5139	01K5JHB7G8ZZ7TPRJ2K417D4XC	94.00	2015-05-25 12:00:00.000000	474100	2025-09-22 06:39:48.786000	2025-09-22 06:39:48.786000
01K5R2CSV5B168N83BJNWX3ET5	5139	01K5JHB8125G93RZ94S8Z2V4BW	95.50	2025-06-19 12:00:00.000000	477325	2025-09-22 06:39:49.168000	2025-09-22 06:39:49.168000
01K5R2CT71GVZ2HDY4F9R3N5AW	5139	01K5JHB8JWG2GVAKVVG0YGJM52	95.00	2025-07-31 12:00:00.000000	480400	2025-09-22 06:39:49.548000	2025-09-22 06:39:49.548000
01K5R2CTK0YSAP917RB1E7GCC3	5139	01K5JHB94ZKPJ969SY2Q2R5ET0	89.00	2025-08-22 12:00:00.000000	482451	2025-09-22 06:39:49.931000	2025-09-22 06:39:49.931000
01K5R2CX1AGM4K3HDFQGR4Q6E6	5139	01K5JHBQBD1X9DZ5WDBZZ1NJ4C	83.50	2025-04-02 13:00:00.000000	471264	2025-09-22 06:39:52.437000	2025-09-22 06:39:52.437000
01K5R2CXDPBT9JNWB56E24JNHA	5139	01K5JHBQWBW6V807ZKSD59RE20	80.00	2013-05-25 12:00:00.000000	473863	2025-09-22 06:39:52.833000	2025-09-22 06:39:52.833000
01K5R2CXT0FTNPR7VPZ5GVPA14	5139	01K5JHBRDJD8NSXRB6EJ88GQSH	95.00	2025-06-03 12:00:00.000000	476395	2025-09-22 06:39:53.227000	2025-09-22 06:39:53.227000
01K5R2CY7FWHME4B2PTRPKEXBB	5139	01K5JHBS3F99CV8T4Q96EA3TS5	88.00	2025-07-23 12:00:00.000000	480396	2025-09-22 06:39:53.658000	2025-09-22 06:39:53.658000
01K5R2CYKAMDDGTNDD1S56KCHB	5139	01K5JHBSN102XF92XKBB1RMV1Z	80.00	2025-08-09 12:00:00.000000	481998	2025-09-22 06:39:54.037000	2025-09-22 06:39:54.037000
01K5R2CYZ6C43EWPRD2015ZBY0	5139	01K5JHBT9XQ0JXQERCWZM6GEQS	94.00	2025-08-29 12:00:00.000000	483059	2025-09-22 06:39:54.417000	2025-09-22 06:39:54.417000
01K5R2D10C0FBBN8SRQW69KH51	5139	01K5JHHAKQFC99R7ZKW3Y7ZN4X	98.50	2025-02-26 13:00:00.000000	471256	2025-09-22 06:39:56.503000	2025-09-22 06:39:56.503000
01K5R2D484A54BP4AKCVQ32R6R	5139	01K5JHCKPC19ZPK0G506D5V43T	96.00	2025-03-21 13:00:00.000000	471261	2025-09-22 06:39:59.823000	2025-09-22 06:39:59.823000
01K5R2D4M3VFKTT7E098Z49X8Q	5139	01K5JHCMBDKC0T8CGNDDMRXZRT	99.00	2021-03-25 13:00:00.000000	473124	2025-09-22 06:40:00.205000	2025-09-22 06:40:00.205000
01K5R2D4ZZQX4FW6WM9MX0H8XE	5139	01K5JHCN0A1YJ2FYPQAJM3C7YA	99.00	2021-05-25 12:00:00.000000	474514	2025-09-22 06:40:00.587000	2025-09-22 06:40:00.587000
01K5R2D5CFAQVW210C8FTFPVBV	5139	01K5JHCNR76XJAEPJ65MNQD99Y	100.00	2025-06-17 12:00:00.000000	476839	2025-09-22 06:40:00.985000	2025-09-22 06:40:00.985000
01K5R2D5RVK3A4P03AGD078QGA	5139	01K5JHCPAFF00F6Q83936DZTBQ	98.25	2025-07-24 12:00:00.000000	480078	2025-09-22 06:40:01.382000	2025-09-22 06:40:01.382000
01K5R2D64ZBDHN4V1JAFRKC14M	5139	01K5JHCPWWNCJETFV0Q90K1DTS	99.00	2025-08-13 12:00:00.000000	482001	2025-09-22 06:40:01.769000	2025-09-22 06:40:01.769000
01K5R2D6H07RKHXZ631NZ43VFA	5139	01K5JHCQEME5WWN0NMWK8EX87A	100.00	2025-08-21 12:00:00.000000	482192	2025-09-22 06:40:02.155000	2025-09-22 06:40:02.155000
01K5R2D70G1Z3SVXENMHX6D158	5139	01K5JHCR0C5XCAH8XSYR4RGWJ6	100.00	2025-08-29 12:00:00.000000	482894	2025-09-22 06:40:02.651000	2025-09-22 06:40:02.651000
01K5R2D7EJY5M0WPA5DXRAYDEY	5139	01K5JHCRHWW1SXNFREEJF0H9RJ	99.50	2025-09-05 12:00:00.000000	483490	2025-09-22 06:40:03.101000	2025-09-22 06:40:03.101000
01K5R2D9S5GJKMFTFR5RWMW5T0	5139	01K5R2D9J0AKBT3D50VZVS1VXV	96.00	2025-02-24 13:00:00.000000	468187	2025-09-22 06:40:05.489000	2025-09-22 06:40:05.489000
01K5R2DAAFWFWZ65RP8FPS2PT3	5139	01K5R2DA35AV34RBA0S0B1FA23	80.00	2025-03-11 13:00:00.000000	471260	2025-09-22 06:40:06.043000	2025-09-22 06:40:06.043000
01K5R2DAW8B32BMA497Q3V4B5S	5139	01K5R2DAMGZ3TQ8CJQWRPDBKYM	80.00	2008-04-25 12:00:00.000000	472817	2025-09-22 06:40:06.611000	2025-09-22 06:40:06.611000
01K5R2DBDDFY6WHR7B1CGGK2JZ	5139	01K5R2DB68681EAKT75VQM43ZY	100.00	2012-05-25 12:00:00.000000	473862	2025-09-22 06:40:07.161000	2025-09-22 06:40:07.161000
01K5R2DBYM1Q9XH0EJ62S899AC	5139	01K5R2DBQFMTM8PQ7ZPRHG2FH1	80.00	2025-05-29 12:00:00.000000	476394	2025-09-22 06:40:07.711000	2025-09-22 06:40:07.711000
01K5R2DCFSBQFD072XCBJMSTS4	5139	01K5R2DC8MR3R574Z00MCX7Q3J	84.00	2025-06-19 12:00:00.000000	477233	2025-09-22 06:40:08.261000	2025-09-22 06:40:08.261000
01K5R2DD0ZBSNJ22Z64DHDT37R	5139	01K5R2DCSTH7TMANCHSCAFQASY	80.00	2025-07-23 12:00:00.000000	480505	2025-09-22 06:40:08.811000	2025-09-22 06:40:08.811000
01K5R2DDJDQ5JAP0V9BTDTPREW	5139	01K5R2DDBHYPG0KZ4K48R5E4HB	84.00	2025-08-04 12:00:00.000000	480506	2025-09-22 06:40:09.368000	2025-09-22 06:40:09.368000
01K5R2DE3AVVQEEQ5X4AXEJBFC	5139	01K5R2DDWBPZABJT37GVA8E76Y	80.00	2025-08-22 12:00:00.000000	482453	2025-09-22 06:40:09.910000	2025-09-22 06:40:09.910000
01K5R2DEMDADCG8PHTYBAFKH2G	5139	01K5R2DED8E72J9ZQ416Y5YGWW	80.00	2025-09-11 12:00:00.000000	483865	2025-09-22 06:40:10.457000	2025-09-22 06:40:10.457000
01K5R2DH59TRF92RM0HHWRHDMT	5139	01K5JHDSN2CSEXA185E9VRNPXX	92.00	2025-03-25 13:00:00.000000	473125	2025-09-22 06:40:13.045000	2025-09-22 06:40:13.045000
01K5R2DHJ7B57DARXGPNTR7XHQ	5139	01K5JHDTA0H1EYH2XG1E1J0MN0	92.50	2025-03-03 13:00:00.000000	471257	2025-09-22 06:40:13.457000	2025-09-22 06:40:13.457000
01K5R2DJ0GBQSYSC56NTCNBW1T	5139	01K5JHDTXB5DN3AGFFA4HG1FNH	92.00	2025-03-25 13:00:00.000000	471262	2025-09-22 06:40:13.916000	2025-09-22 06:40:13.916000
01K5R2DJC9GX4AC3X5FZ4GNB6A	5139	01K5JHDVHWAW5AHFXHF1QP1HRJ	100.00	2019-05-25 12:00:00.000000	474311	2025-09-22 06:40:14.292000	2025-09-22 06:40:14.292000
01K5R2DJR7W4RPVF2B0STMK882	5139	01K5JHDW3C7K0S8KREXCRYNPM1	84.75	2025-06-09 12:00:00.000000	476396	2025-09-22 06:40:14.676000	2025-09-22 06:40:14.676000
01K5R2DK56TV564F9N4384VVHE	5139	01K5JHDWR929DRC52Y9X7347MS	97.00	2025-07-18 12:00:00.000000	480077	2025-09-22 06:40:15.089000	2025-09-22 06:40:15.089000
01K5R2DKH8T3N0H4VB0M71N7B1	5139	01K5JHDXD7D3090PDGF12BPJEJ	92.50	2025-07-25 12:00:00.000000	480079	2025-09-22 06:40:15.476000	2025-09-22 06:40:15.476000
01K5R2DKX497YXCGKSPQQPY59P	5139	01K5JHDXYCWJS6JESETG26FNHX	97.50	2025-08-01 12:00:00.000000	480401	2025-09-22 06:40:15.855000	2025-09-22 06:40:15.855000
01K5R2DM93PYNZCSBW9TNBHDNN	5139	01K5JHDYGGECY28XFTPSX7P0FM	95.00	2025-08-08 12:00:00.000000	481999	2025-09-22 06:40:16.239000	2025-09-22 06:40:16.239000
01K5R2DMMZSXHEZCQRTX6J2P7F	5139	01K5JHDZ2E1QDF5K4S34HXH8FD	80.00	2025-08-15 12:00:00.000000	482000	2025-09-22 06:40:16.619000	2025-09-22 06:40:16.619000
01K5R2DN0T1CQX7K1PSAAHM9M6	5139	01K5JHDZKFFWHXHCHNTFBDNJCZ	99.00	2025-08-22 12:00:00.000000	482452	2025-09-22 06:40:16.996000	2025-09-22 06:40:16.996000
01K5R2DNCPEFGYSM2RYR2A49ZF	5139	01K5JHE04MZEZV3DTVXAN0261T	90.00	2025-09-02 12:00:00.000000	483146	2025-09-22 06:40:17.378000	2025-09-22 06:40:17.378000
01K5R2DPFPXSB09FE3WC3YJW94	5139	01K5JHEPBGGK5420KHD35RSZKB	100.00	2025-09-12 12:00:00.000000	483866	2025-09-22 06:40:18.497000	2025-09-22 06:40:18.497000
01K5R2DSCD0XGAGAG9BQFZT9AW	5139	01K5JHFFC0SA0MQZ7E48A62RDP	80.00	2025-04-04 13:00:00.000000	477326	2025-09-22 06:40:21.465000	2025-09-22 06:40:21.465000
01K5R2DSRF6EN5F6JVMN2RB09Y	5139	01K5JHFFYQZR1YKNYKPK2K2YWC	84.00	2025-06-17 12:00:00.000000	484049	2025-09-22 06:40:21.850000	2025-09-22 06:40:21.850000
01K5R2DT4MM36RWE620AR3XZQQ	5139	01K5JHFGHX83644Y3WSPQDKS49	90.00	2025-09-16 12:00:00.000000	484048	2025-09-22 06:40:22.239000	2025-09-22 06:40:22.239000
01K5R2DVBCQ6HP0XSQGE6Q8XS8	5139	01K5JHFJGYW7SRE4EB7KPCHNHK	84.00	2025-06-26 12:00:00.000000	477479	2025-09-22 06:40:23.479000	2025-09-22 06:40:23.479000
01K5T2MQQ9Y7DA6J1M3BHV2MPR	3925	01K5JHB6XJ0X9DAH40S8GHHCP9	80.00	2021-02-02 13:00:00.000000	359046	2025-09-23 01:22:38.006000	2025-09-23 01:22:38.006000
01K5T2MR4406MGZ0PN6B0Y4WXQ	3925	01K5JHB7G8ZZ7TPRJ2K417D4XC	87.00	2021-02-04 13:00:00.000000	359047	2025-09-23 01:22:38.417000	2025-09-23 01:22:38.417000
01K5T2MRGER9Q1P0Y1F88Z638D	3925	01K5JHB8125G93RZ94S8Z2V4BW	95.50	2021-02-09 13:00:00.000000	359048	2025-09-23 01:22:38.808000	2025-09-23 01:22:38.808000
01K5T2MRWR6THJ9KS1XDBWZ28Z	3925	01K5JHB8JWG2GVAKVVG0YGJM52	97.00	2021-02-17 13:00:00.000000	359049	2025-09-23 01:22:39.203000	2025-09-23 01:22:39.203000
01K5T2MS9G1BD5AGWMGV7M7CHZ	3925	01K5JHB94ZKPJ969SY2Q2R5ET0	85.50	2021-02-25 13:00:00.000000	359050	2025-09-23 01:22:39.611000	2025-09-23 01:22:39.611000
01K5T2MSNJH3ZYJNT0MJ4Y7H9Q	3925	01K5JHB9NV91D4DS9W1D2NCQET	96.00	2021-03-02 13:00:00.000000	359051	2025-09-23 01:22:39.998000	2025-09-23 01:22:39.998000
01K5T2MT200GA5C9XEDB7F0EMT	3925	01K5JHBA6VVKMYZXXTZG2P9R46	99.00	2021-03-12 13:00:00.000000	359052	2025-09-23 01:22:40.396000	2025-09-23 01:22:40.396000
01K5T2MTN10YDCDDRX24KN7NNG	3925	01K5JHBBADE8FYM7NWTJJDGC03	100.00	2021-03-19 13:00:00.000000	358287	2025-09-23 01:22:41.004000	2025-09-23 01:22:41.004000
01K5T2MV2B9B85ZPNW5EWK7H0T	3925	01K5JHBBVXY5Q7VE182CFGHP8Z	100.00	2021-06-16 12:00:00.000000	363583	2025-09-23 01:22:41.430000	2025-09-23 01:22:41.430000
01K5T2MX7DHS36AZHQN8XN31JW	3925	01K5JHBQBD1X9DZ5WDBZZ1NJ4C	99.50	2020-03-05 13:00:00.000000	359053	2025-09-23 01:22:43.640000	2025-09-23 01:22:43.640000
01K5T2MXKM02QAXPD2CGRH4QV5	3925	01K5JHBQWBW6V807ZKSD59RE20	97.00	2020-03-25 13:00:00.000000	359054	2025-09-23 01:22:44.032000	2025-09-23 01:22:44.032000
01K5T2MXZSBN24X718JSNZMWYT	3925	01K5JHBRDJD8NSXRB6EJ88GQSH	100.00	2020-04-06 12:00:00.000000	359055	2025-09-23 01:22:44.419000	2025-09-23 01:22:44.419000
01K5T2MYCDDX8A4F1MXQM908PW	3925	01K5JHBS3F99CV8T4Q96EA3TS5	95.50	2020-05-05 12:00:00.000000	359056	2025-09-23 01:22:44.824000	2025-09-23 01:22:44.824000
01K5T2MYSCGZD83BCHFFJZNACA	3925	01K5JHBSN102XF92XKBB1RMV1Z	94.00	2020-06-15 12:00:00.000000	359057	2025-09-23 01:22:45.238000	2025-09-23 01:22:45.238000
01K5T2MZ7EH17DRQMFKFD387G3	3925	01K5JHBT9XQ0JXQERCWZM6GEQS	94.00	2020-07-30 12:00:00.000000	359058	2025-09-23 01:22:45.689000	2025-09-23 01:22:45.689000
01K5T2MZKHYAH40YFN9PV7RWAX	3925	01K5JHBTYKR1DCEZ6YXDF36QN1	94.00	2020-09-25 12:00:00.000000	359059	2025-09-23 01:22:46.076000	2025-09-23 01:22:46.076000
01K5T2MZZYWXE4Y00DQJ26KEZ6	3925	01K5JHBVFQZ33F0JWQZCM640BW	90.00	2021-02-02 13:00:00.000000	358293	2025-09-23 01:22:46.474000	2025-09-23 01:22:46.474000
01K5T2N0BW9Y9QF8PF0V53QF2V	3925	01K5JHBW3G4A7W4SVE68NZN97A	97.00	2021-07-08 12:00:00.000000	365569	2025-09-23 01:22:46.858000	2025-09-23 01:22:46.858000
01K5T2N0QSP9D6K5XH51BVD6SZ	3925	01K5JHBWN066NCRGQ1PEWBV2C1	98.00	2021-03-23 13:00:00.000000	358294	2025-09-23 01:22:47.237000	2025-09-23 01:22:47.237000
01K5T2N13ZVR4KH9W90M1Y5V5V	3925	01K5JHBX6PZTWYX4PE8TPZJVXQ	99.00	2021-06-11 12:00:00.000000	363332	2025-09-23 01:22:47.627000	2025-09-23 01:22:47.627000
01K5T2N1FT46WE4R23CYWPYFPA	3925	01K5JHBXVDCYY0Y3JQAXST59KE	88.00	2021-10-01 13:00:00.000000	371621	2025-09-23 01:22:48.005000	2025-09-23 01:22:48.005000
01K5T2N41MRMD640EXCR61C4D4	3925	01K5JHCDYKD4WMKPJXHJ2Q80TF	91.00	2019-06-26 12:00:00.000000	365686	2025-09-23 01:22:50.623000	2025-09-23 01:22:50.623000
01K5T2N4E93DP4MRTWV60KZ6G1	3925	01K5JHCEGZKBZF1MY4WM8S41WT	94.00	2019-09-20 12:00:00.000000	365687	2025-09-23 01:22:51.028000	2025-09-23 01:22:51.028000
01K5T2N4VX8MR1MY6BEF8VR89C	3925	01K5JHCF1TG8B327ZR67S6XN5A	92.00	2019-12-04 13:00:00.000000	365688	2025-09-23 01:22:51.466000	2025-09-23 01:22:51.466000
01K5T2N57Z86160Z312Z5MM2HE	3925	01K5JHCFKGD6809F1DMFK24VR3	91.00	2020-07-01 12:00:00.000000	365689	2025-09-23 01:22:51.850000	2025-09-23 01:22:51.850000
01K5T2N5M2BPS8EQP90M6E8W8V	3925	01K5JHCG87H4XA7NFEFJHXN31Z	100.00	2020-09-23 12:00:00.000000	365690	2025-09-23 01:22:52.239000	2025-09-23 01:22:52.239000
01K5T2N606QHB3SFM6VPXM85XY	3925	01K5JHCGSXA47G4V288GHBDKMS	98.00	2020-12-03 13:00:00.000000	365691	2025-09-23 01:22:52.626000	2025-09-23 01:22:52.626000
01K5T2N8JJH5AZV0WZ6VW65BB4	3925	01K5JHCWN12A46VKCH94GWX5RF	96.00	2021-02-02 13:00:00.000000	359061	2025-09-23 01:22:55.261000	2025-09-23 01:22:55.261000
01K5T2N8YFTEW84MMH6KZZT7XD	3925	01K5JHCX6G6F4A06C9M2N306AG	84.00	2021-02-09 13:00:00.000000	359062	2025-09-23 01:22:55.643000	2025-09-23 01:22:55.643000
01K5T2N9AN0WRQGY532WMF1ZWY	3925	01K5JHCXQG626PJN4SKPCZW67X	84.00	2021-02-16 13:00:00.000000	359063	2025-09-23 01:22:56.033000	2025-09-23 01:22:56.033000
01K5T2N9RY98M1DGJQ3JSTVYR4	3925	01K5JHCY8RDM7R401AA36C75ZW	97.00	2021-02-23 13:00:00.000000	359064	2025-09-23 01:22:56.489000	2025-09-23 01:22:56.489000
01K5T2NA57BXN7HNDB91Q64BTH	3925	01K5JHCYYM5SWDJZMJWKE83MZ8	88.00	2021-02-24 13:00:00.000000	359065	2025-09-23 01:22:56.883000	2025-09-23 01:22:56.883000
01K5T2NANV1R0VGY8RWYHJDDWX	3925	01K5JHCZFSPMGNQ4XX5FE0SQX3	84.00	2021-03-03 13:00:00.000000	359066	2025-09-23 01:22:57.414000	2025-09-23 01:22:57.414000
01K5T2NB1S6PCWW9XMSVE5MJ9V	3925	01K5JHD051PNEN2VG0FJ0T8GSJ	80.00	2021-03-10 13:00:00.000000	359067	2025-09-23 01:22:57.798000	2025-09-23 01:22:57.798000
01K5T2NBHBSDY1KGY04F8AB0VE	3925	01K5JHD0T00F74TNAH1ASA0BH3	90.00	2021-03-17 13:00:00.000000	359068	2025-09-23 01:22:58.305000	2025-09-23 01:22:58.305000
01K5T2NC149J6BB0RM1V0JN98Y	3925	01K5JHD1EMK722BG8163PFM8C9	80.00	2021-03-17 13:00:00.000000	359069	2025-09-23 01:22:58.803000	2025-09-23 01:22:58.803000
01K5T2NE36NMNNQBG0A1B71GXF	3925	01K5JHD57D2NZKJP9EFA10K8BT	100.00	2021-02-24 13:00:00.000000	358288	2025-09-23 01:23:00.913000	2025-09-23 01:23:00.913000
01K5T2NEFEEQV1M9Y6J4XYRA01	3925	01K5JHD5RB90RXQHFDPM6ZBNXB	92.00	2021-03-19 13:00:00.000000	358289	2025-09-23 01:23:01.306000	2025-09-23 01:23:01.306000
01K5T2NEVBPWSHRTGAPGKB9ZN5	3925	01K5JHD6A0DX0MHMDZQX3S7BWF	100.00	2021-05-07 12:00:00.000000	360911	2025-09-23 01:23:01.686000	2025-09-23 01:23:01.686000
01K5T2NF7JG60MR2167Q5XHH1E	3925	01K5JHD6XTN7D16Q91PB5V6B8A	100.00	2021-06-16 12:00:00.000000	363584	2025-09-23 01:23:02.078000	2025-09-23 01:23:02.078000
01K5T2NFKDNC1JMKNXNGADQ754	3925	01K5JHD7HV6MMRYC6DQ0K7GPEP	99.50	2021-07-01 12:00:00.000000	367827	2025-09-23 01:23:02.456000	2025-09-23 01:23:02.456000
01K5T2NJQX3G8260W5GGVAWJD6	3925	01K5JHDSN2CSEXA185E9VRNPXX	95.00	2019-02-05 13:00:00.000000	359070	2025-09-23 01:23:05.671000	2025-09-23 01:23:05.671000
01K5T2NK449H422SG9WK3CG775	3925	01K5JHDTA0H1EYH2XG1E1J0MN0	90.00	2019-02-27 13:00:00.000000	359071	2025-09-23 01:23:06.063000	2025-09-23 01:23:06.063000
01K5T2NKK2PY6MJAJY9K0GV94F	3925	01K5JHDTXB5DN3AGFFA4HG1FNH	96.50	2019-03-15 13:00:00.000000	359072	2025-09-23 01:23:06.542000	2025-09-23 01:23:06.542000
01K5T2NM03JQ3GP7X8KWBNN30G	3925	01K5JHDVHWAW5AHFXHF1QP1HRJ	87.50	2019-03-29 13:00:00.000000	359073	2025-09-23 01:23:06.958000	2025-09-23 01:23:06.958000
01K5T2NMC5707XW0QQ1HHE5V59	3925	01K5JHDW3C7K0S8KREXCRYNPM1	90.00	2019-04-05 13:00:00.000000	359074	2025-09-23 01:23:07.345000	2025-09-23 01:23:07.345000
01K5T2NMR94DJEN7BGQ87PPC4H	3925	01K5JHDWR929DRC52Y9X7347MS	95.00	2019-05-10 12:00:00.000000	359075	2025-09-23 01:23:07.732000	2025-09-23 01:23:07.732000
01K5T2NN675096HJ85Q9ZQDX5F	3925	01K5JHDXD7D3090PDGF12BPJEJ	82.50	2019-05-24 12:00:00.000000	359076	2025-09-23 01:23:08.179000	2025-09-23 01:23:08.179000
01K5T2NNJZP9EG0RMQAD3R3XX0	3925	01K5JHDXYCWJS6JESETG26FNHX	95.00	2019-06-17 12:00:00.000000	359077	2025-09-23 01:23:08.586000	2025-09-23 01:23:08.586000
01K5T2NP1DBTBNXGZCB7JM0BNZ	3925	01K5JHDYGGECY28XFTPSX7P0FM	97.00	2019-07-29 12:00:00.000000	359078	2025-09-23 01:23:09.051000	2025-09-23 01:23:09.051000
01K5T2NPDTS7HZJ9FD6J43EHFQ	3925	01K5JHDZ2E1QDF5K4S34HXH8FD	100.00	2020-09-16 12:00:00.000000	359079	2025-09-23 01:23:09.445000	2025-09-23 01:23:09.445000
01K5T2NPSNBW54JYJNSBKNFD0K	3925	01K5JHDZKFFWHXHCHNTFBDNJCZ	100.00	2019-11-01 13:00:00.000000	359080	2025-09-23 01:23:09.824000	2025-09-23 01:23:09.824000
01K5T2NQ61FA17KPF1RD2Q5R7J	3925	01K5JHE04MZEZV3DTVXAN0261T	97.50	2019-12-05 13:00:00.000000	359081	2025-09-23 01:23:10.220000	2025-09-23 01:23:10.220000
01K5T2NR9FTAXMSPBGA8NPX0B1	3925	01K5JHE22GMYQXHB7W957N8VCF	95.00	2021-06-03 12:00:00.000000	362513	2025-09-23 01:23:11.354000	2025-09-23 01:23:11.354000
01K5T2NVX1TG18EHX5PBGARPN0	3925	01K5JHP49TE80GAAXTWW0B4KQY	85.00	2021-02-25 13:00:00.000000	358291	2025-09-23 01:23:15.053000	2025-09-23 01:23:15.053000
01K5T2NWAYTJQNBGJCYVQHKBCD	3925	01K5JHP4TQ6KPR3Z7418T28F9N	100.00	2021-03-23 13:00:00.000000	358292	2025-09-23 01:23:15.498000	2025-09-23 01:23:15.498000
01K5T2NX22RN4SAE6YXMC9EVK8	3925	01K5JHP5DE9YCVBFF6K0QQZ7RT	100.00	2021-05-20 12:00:00.000000	361617	2025-09-23 01:23:16.236000	2025-09-23 01:23:16.236000
01K5T2NXG7N2SP0WV998SH390E	3925	01K5JHP619BA3P9EMWS0RCT8F3	96.00	2021-06-24 12:00:00.000000	364162	2025-09-23 01:23:16.691000	2025-09-23 01:23:16.691000
01K5T2NXWH5E3PZ0VZSTK6Y66T	3925	01K5JHP6KDCBVJQT5MMCXBDBB7	95.50	2021-09-27 13:00:00.000000	371266	2025-09-23 01:23:17.084000	2025-09-23 01:23:17.084000
01K5T2NY99QRC94MFZDBR84SJ0	3925	01K5JHP743D1RA4SD735RJ97GX	98.00	2021-09-29 13:00:00.000000	371267	2025-09-23 01:23:17.491000	2025-09-23 01:23:17.491000
01K5T2NZV08KEXRQP1G0F0DY0K	3925	01K5JHHNXR9SDWJBQMX3WXKY59	90.00	2019-02-19 13:00:00.000000	359093	2025-09-23 01:23:19.082000	2025-09-23 01:23:19.082000
01K5T2P09P3V9H1J83J0GAZ15J	3925	01K5JHHPHRE2QGRJSFYRMMGF69	98.00	2019-03-12 13:00:00.000000	359094	2025-09-23 01:23:19.553000	2025-09-23 01:23:19.553000
01K5T2P0PA71TB1AN3Q7DDPW13	3925	01K5JHHQ4D50S8F6DD6XZ2E67W	94.00	2020-05-15 12:00:00.000000	359095	2025-09-23 01:23:19.958000	2025-09-23 01:23:19.958000
01K5T2P14KV4V0TY95W4A330WE	3925	01K5JHHQNH690P125SWHBH4VCN	98.00	2019-06-17 12:00:00.000000	359096	2025-09-23 01:23:20.414000	2025-09-23 01:23:20.414000
01K5T2P1NDDAWSFP3ADF1B6MTW	3925	01K5JHHR6E69XDWEX13FKVMWGK	98.00	2019-08-12 12:00:00.000000	359097	2025-09-23 01:23:20.951000	2025-09-23 01:23:20.951000
01K5T2P242P1E4FYB3XZXY5YY7	3925	01K5JHHRQ8XR3KXF9ZWCDQ8CJB	98.00	2019-09-05 12:00:00.000000	359098	2025-09-23 01:23:21.420000	2025-09-23 01:23:21.420000
01K5T2P39CDCBFM72XJCXQAM0V	3925	01K5JHEJB0TG4FJE560MWQTYCQ	80.00	2021-04-15 12:00:00.000000	359189	2025-09-23 01:23:22.614000	2025-09-23 01:23:22.614000
01K5T2P3NA6RCY4WRXCKBYBP0F	3925	01K5JHEJX83M9GXFMG4PJRDTEX	81.00	2021-07-15 12:00:00.000000	365207	2025-09-23 01:23:22.996000	2025-09-23 01:23:22.996000
01K5T2P60D6FNKYPDSG0B8E592	3925	01K5JHEPBGGK5420KHD35RSZKB	100.00	2020-11-02 13:00:00.000000	359082	2025-09-23 01:23:25.400000	2025-09-23 01:23:25.400000
01K5T2P6EGZPYVNN5DKGHJZ15A	3925	01K5JHEPX9CK0QTS4W3W5HATBF	94.00	2020-11-05 13:00:00.000000	359083	2025-09-23 01:23:25.851000	2025-09-23 01:23:25.851000
01K5T2P6X280ERHB0NF7X54H0P	3925	01K5JHEQGFWHEFC8EFB76RMBG6	100.00	2020-11-09 13:00:00.000000	359084	2025-09-23 01:23:26.318000	2025-09-23 01:23:26.318000
01K5T2P7961NXHT2R5ATVNTJTR	3925	01K5JHER54MMRQ10ARWZK871QT	98.00	2020-11-17 13:00:00.000000	359085	2025-09-23 01:23:26.705000	2025-09-23 01:23:26.705000
01K5T2P7PB1GXWE3KK6ZA0JTJK	3925	01K5JHERPWWJW0FM78D0XKWXSW	100.00	2020-11-20 13:00:00.000000	359086	2025-09-23 01:23:27.127000	2025-09-23 01:23:27.127000
01K5T2P82FBH3N4S7TYDM1S08G	3925	01K5JHES8B356XQB11TJ4Z6G9C	100.00	2020-11-24 13:00:00.000000	359087	2025-09-23 01:23:27.513000	2025-09-23 01:23:27.513000
01K5T2P8HN4ZCP8PDH9GMMASZY	3925	01K5JHESSS8A060M9CY5J40ZF1	100.00	2020-11-26 13:00:00.000000	359088	2025-09-23 01:23:27.999000	2025-09-23 01:23:27.999000
01K5T2P91BYXNTQKGC0SHF5YTR	3925	01K5JHETB0W06QQV3R7HC3EVV2	100.00	2020-11-30 13:00:00.000000	359089	2025-09-23 01:23:28.503000	2025-09-23 01:23:28.503000
01K5T2P9FQRW1C81YP7QV50596	3925	01K5JHETYQXH92E2WX1B1TJXPG	100.00	2020-12-03 13:00:00.000000	359090	2025-09-23 01:23:28.962000	2025-09-23 01:23:28.962000
01K5T2P9VHZD8NMXA7KEZAZFKV	3925	01K5JHEVFV09P58AY64S0BDE1J	99.50	2020-12-09 13:00:00.000000	359091	2025-09-23 01:23:29.341000	2025-09-23 01:23:29.341000
01K5T2PA846R90TAYMMC3V5WEV	3925	01K5JHEW53X9R0JF3HZZQ49G1M	96.00	2021-02-17 13:00:00.000000	358290	2025-09-23 01:23:29.743000	2025-09-23 01:23:29.743000
01K5T2PAM9HWA9E2ZF0BAEKJ4J	3925	01K5JHEWT48B1BXX1HTYEFBF8C	100.00	2021-02-25 13:00:00.000000	359092	2025-09-23 01:23:30.132000	2025-09-23 01:23:30.132000
01K5T2PBW9Y87JK7VYG04RT41T	3925	01K5JHFB1XA8B69X393YB7367J	80.00	2019-08-14 12:00:00.000000	366440	2025-09-23 01:23:31.412000	2025-09-23 01:23:31.412000
01K5T2PC8J87EKWZVD4VWXYNB4	3925	01K5JHFBM9XEWBHFVXTWBAV5X4	86.00	2020-09-22 12:00:00.000000	366441	2025-09-23 01:23:31.806000	2025-09-23 01:23:31.806000
01K5T2PCNV3DFPDZ9VWZSTR6JJ	3925	01K5JHFC8AH32CM8S8MBQ3KXMN	83.00	2021-02-05 13:00:00.000000	359099	2025-09-23 01:23:32.229000	2025-09-23 01:23:32.229000
01K5T2PEKDMYJDDH9K78N732ZD	3925	01K5JHFGHX83644Y3WSPQDKS49	96.00	2021-09-24 12:00:00.000000	372079	2025-09-23 01:23:34.200000	2025-09-23 01:23:34.200000
01K5TCWAX9R60Z1AD6THX8PRRX	3634	01K5JHB6XJ0X9DAH40S8GHHCP9	94.00	2020-02-26 13:00:00.000000	337482	2025-09-23 04:21:32.846000	2025-09-23 04:21:32.846000
01K5TCWB9W02BEPK75ANK826TY	3634	01K5JHB7G8ZZ7TPRJ2K417D4XC	88.00	2020-02-26 13:00:00.000000	337483	2025-09-23 04:21:33.252000	2025-09-23 04:21:33.252000
01K5TCWBPKW44H2SEVRHX9ZDDP	3634	01K5JHB8125G93RZ94S8Z2V4BW	97.50	2020-02-26 13:00:00.000000	337484	2025-09-23 04:21:33.657000	2025-09-23 04:21:33.657000
01K5TCWC2EM7DDV0MK5E2QK6EY	3634	01K5JHB8JWG2GVAKVVG0YGJM52	93.00	2020-02-26 13:00:00.000000	337485	2025-09-23 04:21:34.037000	2025-09-23 04:21:34.037000
01K5TCWCE7YPDA2A4GDWFPGB6S	3634	01K5JHB94ZKPJ969SY2Q2R5ET0	90.00	2020-02-26 13:00:00.000000	337486	2025-09-23 04:21:34.412000	2025-09-23 04:21:34.412000
01K5TCWCT1M97H6JZSSGQ6HH40	3634	01K5JHB9NV91D4DS9W1D2NCQET	81.00	2020-02-26 13:00:00.000000	337487	2025-09-23 04:21:34.792000	2025-09-23 04:21:34.792000
01K5TCWD7B10H4KCH0B5NTD1B1	3634	01K5JHBA6VVKMYZXXTZG2P9R46	95.00	2020-02-26 13:00:00.000000	337488	2025-09-23 04:21:35.218000	2025-09-23 04:21:35.218000
01K5TCWDMM2RSGHVXW8PN3S66X	3634	01K5JHBAR6Q4873JYHQE6K0QWX	93.00	2020-02-26 13:00:00.000000	337489	2025-09-23 04:21:35.641000	2025-09-23 04:21:35.641000
01K5TCWE0Q8Q4WE0HY8SZFRYFV	3634	01K5JHBBADE8FYM7NWTJJDGC03	99.00	2020-02-26 13:00:00.000000	337490	2025-09-23 04:21:36.028000	2025-09-23 04:21:36.028000
01K5TCWECC7SZE2PDGMTREDXQQ	3634	01K5JHBBVXY5Q7VE182CFGHP8Z	97.50	2020-02-26 13:00:00.000000	337491	2025-09-23 04:21:36.401000	2025-09-23 04:21:36.401000
01K5TCWER3YH9G12F29QBMBGSW	3634	01K5JHBCFFEYPHS7ZNRJERHQPC	96.00	2020-02-26 13:00:00.000000	337492	2025-09-23 04:21:36.779000	2025-09-23 04:21:36.779000
01K5TCWF3ZGQTYS3TDYDW9HAXN	3634	01K5JHBD0T7B70ZPKGSCSYY64Q	90.00	2020-02-26 13:00:00.000000	337493	2025-09-23 04:21:37.157000	2025-09-23 04:21:37.157000
01K5TCWGX8ZGRBDD1YHCSC7P6E	3634	01K5JHBEW8K60WKB33TYWENDC9	89.50	2020-06-09 12:00:00.000000	337494	2025-09-23 04:21:38.990000	2025-09-23 04:21:38.990000
01K5TCWH9M6PZBNZ1Q4751TNFR	3634	01K5JHBFEJKZTB3CW7V8AYV61K	80.00	2020-07-28 12:00:00.000000	343410	2025-09-23 04:21:39.387000	2025-09-23 04:21:39.387000
01K5TCWHQ1CTFF1HQAH8ZJ8PV8	3634	01K5JHBG0BK9TKBKMAKNHRZN93	89.50	2020-09-23 12:00:00.000000	348213	2025-09-23 04:21:39.816000	2025-09-23 04:21:39.816000
01K5TCWJ2XCD0GN8HA0V9PT8H4	3634	01K5JHBGR6JB46VQFSK866W8TT	80.00	2021-02-22 13:00:00.000000	355605	2025-09-23 04:21:40.195000	2025-09-23 04:21:40.195000
01K5TCWJKP6JAS39RP3ZSNS491	3634	01K5JHBH9GEFFP6A9VJHQH9RA3	80.50	2021-07-07 12:00:00.000000	365572	2025-09-23 04:21:40.731000	2025-09-23 04:21:40.731000
01K5TCWJZXYBNV0ND9RBNGE805	3634	01K5JHBHX227TW7B04KRVWEMPF	100.00	2021-12-15 13:00:00.000000	378701	2025-09-23 04:21:41.123000	2025-09-23 04:21:41.123000
01K5TCWKBYGWDX1BSQB70R5VP3	3634	01K5JHBJFS96JTRT3J84F56GSF	89.50	2022-02-23 13:00:00.000000	379493	2025-09-23 04:21:41.509000	2025-09-23 04:21:41.509000
01K5TCWKT7Z3ZJTPJDE0KNRPW0	3634	01K5JHBK0MSJWS8JG7K3JT0GT5	80.00	2022-04-01 13:00:00.000000	383298	2025-09-23 04:21:41.965000	2025-09-23 04:21:41.965000
01K5TCWM6C0AAZF5WXAV6NNHET	3634	01K5JHBKHTPQKWSEX2H7G65JHE	92.50	2022-05-03 12:00:00.000000	388918	2025-09-23 04:21:42.354000	2025-09-23 04:21:42.354000
01K5TCWMJ86QC502SE8P0DK2SC	3634	01K5JHBM31TWMEKY91ECZ8C8DW	80.00	2022-05-20 12:00:00.000000	390106	2025-09-23 04:21:42.733000	2025-09-23 04:21:42.733000
01K5TCWMXY3BQA81XVFR1H4YBQ	3634	01K5JHBMR1FE967WNSXWAHF5QM	84.50	2022-06-07 12:00:00.000000	390107	2025-09-23 04:21:43.108000	2025-09-23 04:21:43.108000
01K5TCWN9TDVA0S6JZ09D9EYM8	3634	01K5JHBN8Y06QMY2NE3XSTCZS4	82.00	2022-06-23 12:00:00.000000	391608	2025-09-23 04:21:43.488000	2025-09-23 04:21:43.488000
01K5TCWQ59N5BN9M3V17R02C57	3634	01K5JHBQBD1X9DZ5WDBZZ1NJ4C	98.00	2020-05-18 12:00:00.000000	337495	2025-09-23 04:21:45.390000	2025-09-23 04:21:45.390000
01K5TCWQKQG1WPZACJES56D0PR	3634	01K5JHBQWBW6V807ZKSD59RE20	91.00	2020-05-18 12:00:00.000000	337496	2025-09-23 04:21:45.852000	2025-09-23 04:21:45.852000
01K5TCWR0DJM1WC7PN788CWJ5F	3634	01K5JHBRDJD8NSXRB6EJ88GQSH	97.00	2020-05-18 12:00:00.000000	337497	2025-09-23 04:21:46.258000	2025-09-23 04:21:46.258000
01K5TCWRF1ZD8FCAEM9SBEZVK0	3634	01K5JHBS3F99CV8T4Q96EA3TS5	96.00	2020-05-18 12:00:00.000000	337498	2025-09-23 04:21:46.729000	2025-09-23 04:21:46.729000
01K5TCWRX57YY8S04FQ0PR449E	3634	01K5JHBSN102XF92XKBB1RMV1Z	90.00	2020-05-18 12:00:00.000000	337499	2025-09-23 04:21:47.178000	2025-09-23 04:21:47.178000
01K5TCWSA2V9B1DTMQZFJ15M03	3634	01K5JHBT9XQ0JXQERCWZM6GEQS	80.00	2020-05-18 12:00:00.000000	337500	2025-09-23 04:21:47.593000	2025-09-23 04:21:47.593000
01K5TCWSPW7AXV30N5QPVR4P0C	3634	01K5JHBTYKR1DCEZ6YXDF36QN1	96.00	2020-05-18 12:00:00.000000	337501	2025-09-23 04:21:48.003000	2025-09-23 04:21:48.003000
01K5TCWT6VGMC87N90VCE9DYYZ	3634	01K5JHBVFQZ33F0JWQZCM640BW	89.50	2020-05-18 12:00:00.000000	337502	2025-09-23 04:21:48.513000	2025-09-23 04:21:48.513000
01K5TCWTJE1M0X8X848QS2ACY4	3634	01K5JHBW3G4A7W4SVE68NZN97A	97.00	2020-05-18 12:00:00.000000	337503	2025-09-23 04:21:48.883000	2025-09-23 04:21:48.883000
01K5TCWV03V833FKXJ56XXEAJX	3634	01K5JHBWN066NCRGQ1PEWBV2C1	93.00	2020-05-18 12:00:00.000000	337504	2025-09-23 04:21:49.321000	2025-09-23 04:21:49.321000
01K5TCWVEWYBW399J23ANN5WDM	3634	01K5JHBX6PZTWYX4PE8TPZJVXQ	86.50	2020-05-18 12:00:00.000000	337505	2025-09-23 04:21:49.794000	2025-09-23 04:21:49.794000
01K5TCWVXGBNF2YYA9E3K8HNPK	3634	01K5JHBXVDCYY0Y3JQAXST59KE	80.00	2020-05-18 12:00:00.000000	337506	2025-09-23 04:21:50.262000	2025-09-23 04:21:50.262000
01K5TCWXX944BF5NS2XR13X9F1	3634	01K5JHBZSXX56DRDYQZ82M31Q4	80.00	2020-06-12 12:00:00.000000	342168	2025-09-23 04:21:52.304000	2025-09-23 04:21:52.304000
01K5TCWYCWBM8PW8E66M8C3GE2	3634	01K5JHC0BZ1KB9XHHVNMR2M28E	80.00	2020-08-06 12:00:00.000000	345275	2025-09-23 04:21:52.803000	2025-09-23 04:21:52.803000
01K5TCWYVSWSG44M6Y43NYWFR9	3634	01K5JHC0YKH42ADG4J4F1AT5C3	90.00	2020-09-22 12:00:00.000000	348193	2025-09-23 04:21:53.280000	2025-09-23 04:21:53.280000
01K5TCWZ7T30P40DX5120230M9	3634	01K5JHC1FHVVW9W1R3SW0EJZCM	83.00	2020-10-30 13:00:00.000000	349900	2025-09-23 04:21:53.664000	2025-09-23 04:21:53.664000
01K5TCWZKMBH27H9RGP4AJF0QE	3634	01K5JHC20TGG70F44BBSVJH291	80.00	2020-12-14 13:00:00.000000	353175	2025-09-23 04:21:54.043000	2025-09-23 04:21:54.043000
01K5TCX00801PRVJ8K2VZRKP9C	3634	01K5JHC2KX9NFBXPVJ2049017F	80.00	2021-03-18 13:00:00.000000	357395	2025-09-23 04:21:54.446000	2025-09-23 04:21:54.446000
01K5TCX0DC2AY07KK253QY4EF2	3634	01K5JHC34MXKA74AW6VBA8M056	86.50	2021-04-01 13:00:00.000000	358270	2025-09-23 04:21:54.866000	2025-09-23 04:21:54.866000
01K5TCX0VTCSFZFX61DT7N1CD0	3634	01K5JHC3NH4KPCV9QRQH0T3WRB	87.00	2021-05-25 12:00:00.000000	361737	2025-09-23 04:21:55.328000	2025-09-23 04:21:55.328000
01K5TCX17KWKVFVGD2D66QGKBV	3634	01K5JHC48HXB2K6MTK7TFR0DNF	82.00	2021-11-09 13:00:00.000000	373919	2025-09-23 04:21:55.706000	2025-09-23 04:21:55.706000
01K5TCX1NNJD5SJF2FXPJGR56R	3634	01K5JHC4SGCYNYJ7NM8D26HWBR	81.00	2021-06-28 12:00:00.000000	364384	2025-09-23 04:21:56.155000	2025-09-23 04:21:56.155000
01K5TCX21EM9SK66HSRW8MVY5J	3634	01K5JHC5BDGTFG5TJ8K6E56Z0R	90.00	2021-11-17 13:00:00.000000	374642	2025-09-23 04:21:56.532000	2025-09-23 04:21:56.532000
01K5TCX2D3B34MSYB4GZE5WBX3	3634	01K5JHC5WQH6T3VG940PV40JD5	87.50	2021-11-19 13:00:00.000000	374644	2025-09-23 04:21:56.905000	2025-09-23 04:21:56.905000
01K5TCX4BRXSWF21FS9EBJQ1AE	3634	01K5TCX4524KKV1SF03RMR0XDT	89.50	2021-11-26 13:00:00.000000	375256	2025-09-23 04:21:58.910000	2025-09-23 04:21:58.910000
01K5TCX4Z32TPKQMZ6G1930V6G	3634	01K5TCX4R7NYA1VR37R1MZX83G	92.00	2022-02-04 13:00:00.000000	378638	2025-09-23 04:21:59.530000	2025-09-23 04:21:59.530000
01K5TCX5KSS9FQHMMZ6PCB2HHM	3634	01K5TCX5BERQJ2ZFZE25VXDCQV	84.00	2022-02-22 13:00:00.000000	379492	2025-09-23 04:22:00.192000	2025-09-23 04:22:00.192000
01K5TCX69YFA56S4TPAH80G4MW	3634	01K5TCX60B6Z1X8357CSQZFTN1	88.00	2022-03-03 13:00:00.000000	380562	2025-09-23 04:22:00.900000	2025-09-23 04:22:00.900000
01K5TCX70H586WBZJB1MGN39T4	3634	01K5TCX6R7DAX6CBPYJTECA64P	83.50	2022-03-21 13:00:00.000000	382754	2025-09-23 04:22:01.623000	2025-09-23 04:22:01.623000
01K5TCX7PZ23R92BPYKXPPV4B8	3634	01K5TCX7D4DQ4EJQJJA13WJHJA	94.00	2022-04-04 12:00:00.000000	386698	2025-09-23 04:22:02.340000	2025-09-23 04:22:02.340000
01K5TCX8D71H3AKYFDFHH71WKP	3634	01K5TCX83W2V61275F91WQ2ZQK	81.50	2022-05-03 12:00:00.000000	387714	2025-09-23 04:22:03.053000	2025-09-23 04:22:03.053000
01K5TCX93VW8C7CBQ2ZZGR61TE	3634	01K5TCX8VEGAN9HX2124Y2XZ5P	87.50	2022-05-18 12:00:00.000000	388477	2025-09-23 04:22:03.777000	2025-09-23 04:22:03.777000
01K5TCX9NH6B2K87VN36NJ4BS8	3634	01K5TCX9EMXGZK1C1ER5PC6RE6	84.50	2022-05-31 12:00:00.000000	388917	2025-09-23 04:22:04.344000	2025-09-23 04:22:04.344000
01K5TCXA8QQH5XJ77RKG4GB18N	3634	01K5TCXA1VJ37KXA2H80WZ6X43	84.50	2022-06-13 12:00:00.000000	390866	2025-09-23 04:22:04.957000	2025-09-23 04:22:04.957000
01K5TCXASGMXNXGG7D6Y3Z4CHQ	3634	01K5TCXAJPK1XKW56R83QR55X1	80.00	2022-06-20 12:00:00.000000	391609	2025-09-23 04:22:05.494000	2025-09-23 04:22:05.494000
01K5TCXBDV0HGJ5N4V45N30KG7	3634	01K5TCXB6Q1Z9DXMY07TF93K6V	83.00	2022-06-28 12:00:00.000000	391878	2025-09-23 04:22:06.145000	2025-09-23 04:22:06.145000
01K5TCXDXFX7RTBTW753QDKP9M	3634	01K5JHC7QYFR9X2EJET3G2T40N	100.00	2021-11-29 13:00:00.000000	375377	2025-09-23 04:22:08.694000	2025-09-23 04:22:08.694000
01K5TCXE967DHPJKZZB3VT00CQ	3634	01K5JHC89408V5BPP26YFW08S2	100.00	2021-12-10 13:00:00.000000	376297	2025-09-23 04:22:09.069000	2025-09-23 04:22:09.069000
01K5TCXEMY8EFTGFF3FK60NBMS	3634	01K5JHC8T9SQTVX4WES9DN2SE1	94.00	2022-02-11 13:00:00.000000	378944	2025-09-23 04:22:09.445000	2025-09-23 04:22:09.445000
01K5TCXF3KEEX5T30MAXG6CX22	3634	01K5JHC9D3JQDVB5BAPGKBCKYR	93.50	2022-02-17 13:00:00.000000	379238	2025-09-23 04:22:09.914000	2025-09-23 04:22:09.914000
01K5TCXFFJRS4HKB1YY4BCNQ7G	3634	01K5JHC9XTF7YHK4STSX033Q9B	95.50	2022-02-28 13:00:00.000000	380561	2025-09-23 04:22:10.295000	2025-09-23 04:22:10.295000
01K5TCXFX7CF2QR71DMQ4MB7KN	3634	01K5JHCAETKB1QXNVRBGHFSJQK	99.50	2022-03-11 13:00:00.000000	381212	2025-09-23 04:22:10.733000	2025-09-23 04:22:10.733000
01K5TCXG8VH4EAA0TFNY0EGXR8	3634	01K5JHCB11ZD7RQ8PSB48V28XM	94.50	2022-03-25 13:00:00.000000	382755	2025-09-23 04:22:11.105000	2025-09-23 04:22:11.105000
01K5TCXGN8M6BXH7ZES074EY40	3634	01K5JHCBKGJ501KY81R3PVHRYX	100.00	2022-04-05 12:00:00.000000	383557	2025-09-23 04:22:11.502000	2025-09-23 04:22:11.502000
01K5TCXH3QHZ04X9Y985YG4DX1	3634	01K5JHCC4CTKA1FT171EVX3S59	98.50	2022-05-03 12:00:00.000000	386534	2025-09-23 04:22:11.965000	2025-09-23 04:22:11.965000
01K5TCXHFJWV301KHP7T3DH5PX	3634	01K5JHCCEA19G22F2BY7B6YR7C	80.00	2022-05-19 12:00:00.000000	387999	2025-09-23 04:22:12.345000	2025-09-23 04:22:12.345000
01K5TCXJX8SAT96PP1N1YDKWXY	3634	01K5JHCDYKD4WMKPJXHJ2Q80TF	86.00	2018-06-27 12:00:00.000000	365710	2025-09-23 04:22:13.806000	2025-09-23 04:22:13.806000
01K5TCXKC4VCYE0VJ3GTBBV4Y8	3634	01K5JHCEGZKBZF1MY4WM8S41WT	85.00	2018-09-20 12:00:00.000000	365711	2025-09-23 04:22:14.282000	2025-09-23 04:22:14.282000
01K5TCXKRR8VP6V3J1D7MCFMVS	3634	01K5JHCF1TG8B327ZR67S6XN5A	91.00	2018-11-30 13:00:00.000000	365712	2025-09-23 04:22:14.686000	2025-09-23 04:22:14.686000
01K5TCXM6XAPDFRGKX9C80FJNE	3634	01K5JHCFKGD6809F1DMFK24VR3	92.00	2019-06-26 12:00:00.000000	365713	2025-09-23 04:22:15.139000	2025-09-23 04:22:15.139000
01K5TCXMNBJE28X26F50J957JJ	3634	01K5JHCG87H4XA7NFEFJHXN31Z	92.00	2019-09-20 12:00:00.000000	365714	2025-09-23 04:22:15.601000	2025-09-23 04:22:15.601000
01K5TCXN3T1A0X1XA090BTJMVT	3634	01K5JHCGSXA47G4V288GHBDKMS	92.00	2019-12-04 13:00:00.000000	365715	2025-09-23 04:22:16.064000	2025-09-23 04:22:16.064000
01K5TCXQT2Z1MC14GCAG3CQBT0	3634	01K5JHCKPC19ZPK0G506D5V43T	93.00	2019-11-14 13:00:00.000000	337507	2025-09-23 04:22:18.824000	2025-09-23 04:22:18.824000
01K5TCXRA3DQV2WJASZXMMY2KT	3634	01K5JHCMBDKC0T8CGNDDMRXZRT	96.00	2019-11-14 13:00:00.000000	337508	2025-09-23 04:22:19.337000	2025-09-23 04:22:19.337000
01K5TCXRPV3J636R24W7TG801D	3634	01K5JHCN0A1YJ2FYPQAJM3C7YA	97.50	2019-11-14 13:00:00.000000	337509	2025-09-23 04:22:19.745000	2025-09-23 04:22:19.745000
01K5TCXS2KVB05SPVVJRXJX1CN	3634	01K5JHCNR76XJAEPJ65MNQD99Y	94.50	2019-11-14 13:00:00.000000	337510	2025-09-23 04:22:20.122000	2025-09-23 04:22:20.122000
01K5TCXSEDNKKQQ1QM9B110AYJ	3634	01K5JHCPAFF00F6Q83936DZTBQ	97.50	2019-11-14 13:00:00.000000	337511	2025-09-23 04:22:20.500000	2025-09-23 04:22:20.500000
01K5TCXSX9V345JEJKMDV6EV30	3634	01K5JHCPWWNCJETFV0Q90K1DTS	98.50	2019-11-14 13:00:00.000000	337512	2025-09-23 04:22:20.978000	2025-09-23 04:22:20.978000
01K5TCXTA631PEB8CNQZHPPGNT	3634	01K5JHCQEME5WWN0NMWK8EX87A	95.00	2019-11-14 13:00:00.000000	337513	2025-09-23 04:22:21.390000	2025-09-23 04:22:21.390000
01K5TCXTP0RBMXPTWE38S1XVP8	3634	01K5JHCR0C5XCAH8XSYR4RGWJ6	92.50	2019-11-14 13:00:00.000000	337514	2025-09-23 04:22:21.766000	2025-09-23 04:22:21.766000
01K5TCXV1TZ5MMFWY8FMHY0AFH	3634	01K5JHCRHWW1SXNFREEJF0H9RJ	100.00	2019-11-14 13:00:00.000000	337515	2025-09-23 04:22:22.145000	2025-09-23 04:22:22.145000
01K5TCXVEYFFWSE3M028GATSQZ	3634	01K5JHCS53P45XGHHN1K5BEWAC	97.50	2019-11-14 13:00:00.000000	337516	2025-09-23 04:22:22.564000	2025-09-23 04:22:22.564000
01K5TCXVTRF0ZCSQZF1VN22363	3634	01K5JHCSVEHWJ6QJXJFT3RWQF9	100.00	2019-11-14 13:00:00.000000	337517	2025-09-23 04:22:22.943000	2025-09-23 04:22:22.943000
01K5TCXWA3MS9W7P3F5TT6WENP	3634	01K5JHCTGCHZKZYWSMWYKQ4H3G	92.00	2019-11-14 13:00:00.000000	337518	2025-09-23 04:22:23.433000	2025-09-23 04:22:23.433000
01K5TCXY3QSS793KQK9XGWR0R1	3634	01K5JHCWN12A46VKCH94GWX5RF	100.00	2019-11-13 13:00:00.000000	337519	2025-09-23 04:22:25.277000	2025-09-23 04:22:25.277000
01K5TCXYGFVX14YTKSPZX73EX3	3634	01K5JHCX6G6F4A06C9M2N306AG	80.00	2019-11-13 13:00:00.000000	337520	2025-09-23 04:22:25.686000	2025-09-23 04:22:25.686000
01K5TCXYZVZN8H56F14MCSKSQN	3634	01K5JHCXQG626PJN4SKPCZW67X	92.00	2019-11-13 13:00:00.000000	337521	2025-09-23 04:22:26.177000	2025-09-23 04:22:26.177000
01K5TCXZD953FB331CGAKDJMRD	3634	01K5JHCY8RDM7R401AA36C75ZW	100.00	2019-11-13 13:00:00.000000	337522	2025-09-23 04:22:26.607000	2025-09-23 04:22:26.607000
01K5TCXZTZ7R0FD03CZ7XDBFAE	3634	01K5JHCYYM5SWDJZMJWKE83MZ8	82.00	2019-11-13 13:00:00.000000	337523	2025-09-23 04:22:27.045000	2025-09-23 04:22:27.045000
01K5TCY06RWNRS6YPVEJ82ANFJ	3634	01K5JHCZFSPMGNQ4XX5FE0SQX3	84.00	2019-11-13 13:00:00.000000	337524	2025-09-23 04:22:27.422000	2025-09-23 04:22:27.422000
01K5TCY0JHCN0MXD8MTXW05BSF	3634	01K5JHD051PNEN2VG0FJ0T8GSJ	84.00	2019-11-13 13:00:00.000000	337525	2025-09-23 04:22:27.800000	2025-09-23 04:22:27.800000
01K5TCY0Y84K59W0JJBZK540HQ	3634	01K5JHD0T00F74TNAH1ASA0BH3	92.00	2019-11-13 13:00:00.000000	337526	2025-09-23 04:22:28.174000	2025-09-23 04:22:28.174000
01K5TCY19VTJ12QDKGCNSM7G52	3634	01K5JHD1EMK722BG8163PFM8C9	80.00	2019-11-13 13:00:00.000000	337527	2025-09-23 04:22:28.546000	2025-09-23 04:22:28.546000
01K5TCY1QHKTTM2BQWW9TS0E18	3634	01K5JHD22TVGSSG0BA5XCVYK9K	100.00	2019-11-13 13:00:00.000000	337528	2025-09-23 04:22:28.983000	2025-09-23 04:22:28.983000
01K5TCY236ZARZP612JS64N25R	3634	01K5JHD2M6EGXMBP39CY4RHGN2	91.00	2019-11-13 13:00:00.000000	337529	2025-09-23 04:22:29.356000	2025-09-23 04:22:29.356000
01K5TCY2EXHGV8KNARSHE5KZK4	3634	01K5JHD36RNB4WG3RYN0JWN0QJ	80.00	2019-11-13 13:00:00.000000	337530	2025-09-23 04:22:29.731000	2025-09-23 04:22:29.731000
01K5TCY4DA7KNEV9B4Z896S3K8	3634	01K5JHD57D2NZKJP9EFA10K8BT	100.00	2020-06-09 12:00:00.000000	337534	2025-09-23 04:22:31.728000	2025-09-23 04:22:31.728000
01K5TCY4X9BN9GKAPGYD39S0T2	3634	01K5JHD5RB90RXQHFDPM6ZBNXB	100.00	2020-06-09 12:00:00.000000	337535	2025-09-23 04:22:32.239000	2025-09-23 04:22:32.239000
01K5TCY5BRBWP5GTJ76A8TGY31	3634	01K5JHD6A0DX0MHMDZQX3S7BWF	100.00	2020-06-09 12:00:00.000000	337536	2025-09-23 04:22:32.701000	2025-09-23 04:22:32.701000
01K5TCY5QF9SGH9RB5HB9F07MJ	3634	01K5JHD6XTN7D16Q91PB5V6B8A	94.00	2020-06-09 12:00:00.000000	337537	2025-09-23 04:22:33.078000	2025-09-23 04:22:33.078000
01K5TCY63VR88FAW5APVCFDD15	3634	01K5JHD7HV6MMRYC6DQ0K7GPEP	90.00	2020-06-09 12:00:00.000000	337538	2025-09-23 04:22:33.473000	2025-09-23 04:22:33.473000
01K5TCY6GE70VTT9AE9VXZMVTQ	3634	01K5JHD83HXN091CGYX0YMYWWW	94.00	2020-06-16 12:00:00.000000	342170	2025-09-23 04:22:33.875000	2025-09-23 04:22:33.875000
01K5TCY6W3FWVQNVBGYRNHE9E8	3634	01K5JHD8QDKX4T4E2G1F70EGN3	100.00	2020-07-02 12:00:00.000000	342171	2025-09-23 04:22:34.249000	2025-09-23 04:22:34.249000
01K5TCY78G5A4KQ1TAYSVEGBC9	3634	01K5JHD987NBST9DGFQSF3R50E	80.00	2020-08-07 12:00:00.000000	343917	2025-09-23 04:22:34.645000	2025-09-23 04:22:34.645000
01K5TCY7M3RV1HWEBF1VWS6QNQ	3634	01K5JHD9YMYAAXYGHS1RKT5ERD	96.50	2020-08-31 12:00:00.000000	345754	2025-09-23 04:22:35.017000	2025-09-23 04:22:35.017000
01K5TCY7ZPQX2FZRKC6AR9QAY6	3634	01K5JHDAKJF4WGSWWTWPZ4AAKD	88.00	2020-09-17 12:00:00.000000	348194	2025-09-23 04:22:35.387000	2025-09-23 04:22:35.387000
01K5TCY8BBJH0AW00DKEFS9YY8	3634	01K5JHDB4AR389B9QWZ3C4BAMK	94.00	2020-10-15 13:00:00.000000	349343	2025-09-23 04:22:35.763000	2025-09-23 04:22:35.763000
01K5TCY8T7XFX60KMAAK16CZYM	3634	01K5JHDBN8ME0T5BHCPFCNDRN2	95.00	2020-11-11 13:00:00.000000	350906	2025-09-23 04:22:36.237000	2025-09-23 04:22:36.237000
01K5TCYAJKGP03E08YX33F2EZ1	3634	01K5JHDDC3888WZVC5E3NPKMXP	96.00	2020-06-09 12:00:00.000000	337531	2025-09-23 04:22:38.041000	2025-09-23 04:22:38.041000
01K5TCYAYEYK8ASDWJV15QSDB7	3634	01K5JHDDX4FFHGVHEEYYSWF4RQ	83.50	2020-06-09 12:00:00.000000	337532	2025-09-23 04:22:38.419000	2025-09-23 04:22:38.419000
01K5TCYBA2AX3TEWFE38GWDPG8	3634	01K5JHDEGE2GHZE1B7V5DDHPQH	81.80	2020-06-09 12:00:00.000000	337533	2025-09-23 04:22:38.793000	2025-09-23 04:22:38.793000
01K5TCYBNXKJ937VDN7CCP2DWK	3634	01K5JHDF19423341ZS87G6RACT	96.00	2020-12-03 13:00:00.000000	352416	2025-09-23 04:22:39.171000	2025-09-23 04:22:39.171000
01K5TCYC3N9993RN5ST4WANPRZ	3634	01K5JHDFHWR1EQJDYYHBT0DB43	92.00	2020-06-26 12:00:00.000000	342172	2025-09-23 04:22:39.611000	2025-09-23 04:22:39.611000
01K5TCYCFCMD3RCXZP7HZP6K2C	3634	01K5JHDG2HKDX25W296WBRSQ8Z	80.00	2020-08-11 12:00:00.000000	344371	2025-09-23 04:22:39.986000	2025-09-23 04:22:39.986000
01K5TCYCXDFPYXEP5PDHRGFWET	3634	01K5JHDGPQG8W8VCVB3X6PJ21D	82.00	2020-10-15 13:00:00.000000	349344	2025-09-23 04:22:40.435000	2025-09-23 04:22:40.435000
01K5TCYDBTVJ25ZM0YCXJ8BYM0	3634	01K5JHDHAJYSNDZ52CJ5NTZVBH	93.00	2020-11-10 13:00:00.000000	350907	2025-09-23 04:22:40.896000	2025-09-23 04:22:40.896000
01K5TCYDT5VC2P2M27XN63WGNJ	3634	01K5JHDHVBCVGYXQF2PW0006D3	81.00	2021-04-01 13:00:00.000000	358271	2025-09-23 04:22:41.355000	2025-09-23 04:22:41.355000
01K5TCYE8PATMEP9D645MFHPMA	3634	01K5JHDJENR29Y3AD09G3JAXHS	82.50	2021-05-17 12:00:00.000000	361264	2025-09-23 04:22:41.820000	2025-09-23 04:22:41.820000
01K5TCYEQ5YSMSP1A05B3E4BRP	3634	01K5JHDJRPFG03XS1CDMP0T0SY	81.50	2021-06-14 12:00:00.000000	363430	2025-09-23 04:22:42.283000	2025-09-23 04:22:42.283000
01K5TCYF3EKWW8SEA0HW0J0GWJ	3634	01K5JHDK3H9S60YDDVMV3N3GYX	88.00	2021-07-28 12:00:00.000000	367089	2025-09-23 04:22:42.677000	2025-09-23 04:22:42.677000
01K5TCYH0X0VAW46AKBQ09Q8YG	3634	01K5TCYGSYH4C1D62G9NE2C8A2	87.50	2021-03-16 13:00:00.000000	357076	2025-09-23 04:22:44.643000	2025-09-23 04:22:44.643000
01K5TCYHPABP7PAAH581ZTBMKR	3634	01K5TCYHCCFZ4VWSEC42B50RQD	85.00	2021-03-26 13:00:00.000000	357913	2025-09-23 04:22:45.329000	2025-09-23 04:22:45.329000
01K5TCYJ7D7MM9F0DCGSRNVHKR	3634	01K5TCYJ0CP02ZFDDP85JXHHKZ	91.00	2021-04-09 12:00:00.000000	358573	2025-09-23 04:22:45.876000	2025-09-23 04:22:45.876000
01K5TCYJR3J290CMJA9MQ3EWSM	3634	01K5TCYJH9H1GGNR38EQFD5EM1	94.00	2021-05-21 12:00:00.000000	361618	2025-09-23 04:22:46.410000	2025-09-23 04:22:46.410000
01K5TCYKA4AZ0P9YBF9CXRG875	3634	01K5TCYK217YF82B6NDEED1HQ3	96.50	2021-06-08 12:00:00.000000	362969	2025-09-23 04:22:46.987000	2025-09-23 04:22:46.987000
01K5TCYKX9WF1HN7V1JXBNZS6Q	3634	01K5TCYKN1RYZTE461VAP54JQ3	87.00	2021-06-24 12:00:00.000000	364166	2025-09-23 04:22:47.600000	2025-09-23 04:22:47.600000
01K5TCYMDV56V26YX22CBGHA7V	3634	01K5TCYM76MW6JC244DS4F0VCB	82.50	2021-07-30 12:00:00.000000	367190	2025-09-23 04:22:48.129000	2025-09-23 04:22:48.129000
01K5TCYMYT4182FXN7Z1QC8GQE	3634	01K5TCYMQRPSKJ6GQR346XJMYW	93.50	2021-09-23 12:00:00.000000	371636	2025-09-23 04:22:48.672000	2025-09-23 04:22:48.672000
01K5TCYNFMC3BV1NF8M19XNEF1	3634	01K5TCYN8P962MM70SACNDF2PK	96.50	2021-09-27 13:00:00.000000	371637	2025-09-23 04:22:49.211000	2025-09-23 04:22:49.211000
01K5TCYP1RQENSG7BEGGGZ3EZ4	3634	01K5TCYNTRP159SCAK9YGFCT21	90.00	2021-09-30 13:00:00.000000	371638	2025-09-23 04:22:49.793000	2025-09-23 04:22:49.793000
01K5TCYPMQA8MWKYXYXAHF9P36	3634	01K5TCYPDX8Z9W0Y2XDP3JYPQZ	99.00	2021-11-05 13:00:00.000000	373775	2025-09-23 04:22:50.398000	2025-09-23 04:22:50.398000
01K5TCYQ74VSNCACFYSJCS65E1	3634	01K5TCYQ0B2RFPV1KDHV4KQD3Y	87.50	2021-11-04 13:00:00.000000	373776	2025-09-23 04:22:50.987000	2025-09-23 04:22:50.987000
01K5TCYRJFTW1RQBXDWVX02147	3634	01K5JHDMHWM8JV0MQN54NE3FHF	95.50	2021-05-17 12:00:00.000000	361265	2025-09-23 04:22:52.373000	2025-09-23 04:22:52.373000
01K5TCYRZ2D5Y00JRWK4V5KMJ8	3634	01K5JHDN529JVG758JJE8EPASQ	82.50	2021-07-02 12:00:00.000000	364509	2025-09-23 04:22:52.777000	2025-09-23 04:22:52.777000
01K5TCYSAZZHG138EMJV04FRQT	3634	01K5JHDNQF5YENSZB755C9RCT6	91.50	2021-11-17 13:00:00.000000	374503	2025-09-23 04:22:53.158000	2025-09-23 04:22:53.158000
01K5TCYSQ4N3QD96A3CFFFASTQ	3634	01K5JHDPENZT3KFX5QXX73ME66	84.00	2021-11-19 13:00:00.000000	374688	2025-09-23 04:22:53.547000	2025-09-23 04:22:53.547000
01K5TCYT3PK9GPXXRD39KGQ00N	3634	01K5JHDQ1VS1126EXXJ35F7BTE	84.00	2021-12-09 13:00:00.000000	376108	2025-09-23 04:22:53.948000	2025-09-23 04:22:53.948000
01K5TCYTKQ1N97CG9RPTHCK1Z6	3634	01K5JHDQKC539PMTBDGG3N1W9B	84.50	2022-03-23 13:00:00.000000	382322	2025-09-23 04:22:54.462000	2025-09-23 04:22:54.462000
01K5TCYWJCGBDR41J3S9RC6B8R	3634	01K5JHDSN2CSEXA185E9VRNPXX	92.50	2018-11-29 13:00:00.000000	337539	2025-09-23 04:22:56.466000	2025-09-23 04:22:56.466000
01K5TCYX0FJSR4RZ4K81H0DNBM	3634	01K5JHDTA0H1EYH2XG1E1J0MN0	80.00	2018-11-29 13:00:00.000000	337540	2025-09-23 04:22:56.918000	2025-09-23 04:22:56.918000
01K5TCYXEABT2EZ8FKH26KK4C8	3634	01K5JHDTXB5DN3AGFFA4HG1FNH	88.80	2018-11-29 13:00:00.000000	337541	2025-09-23 04:22:57.361000	2025-09-23 04:22:57.361000
01K5TCYXV5VPDQQYVGJS5K9V2Y	3634	01K5JHDVHWAW5AHFXHF1QP1HRJ	86.00	2018-11-29 13:00:00.000000	337542	2025-09-23 04:22:57.771000	2025-09-23 04:22:57.771000
01K5TCYY702ESK2QHY66JM09DM	3634	01K5JHDW3C7K0S8KREXCRYNPM1	85.00	2018-11-29 13:00:00.000000	337543	2025-09-23 04:22:58.150000	2025-09-23 04:22:58.150000
01K5TCYYKY4JMBFH0X53Z0JEN3	3634	01K5JHDWR929DRC52Y9X7347MS	85.00	2018-11-29 13:00:00.000000	337544	2025-09-23 04:22:58.566000	2025-09-23 04:22:58.566000
01K5TCYZ00XSWQDQRFGDW15R3R	3634	01K5JHDXD7D3090PDGF12BPJEJ	94.50	2018-11-29 13:00:00.000000	337545	2025-09-23 04:22:58.951000	2025-09-23 04:22:58.951000
01K5TCYZDDP2HE7ZAC4GBVRXVX	3634	01K5JHDXYCWJS6JESETG26FNHX	87.00	2018-11-29 13:00:00.000000	337546	2025-09-23 04:22:59.380000	2025-09-23 04:22:59.380000
01K5TCYZS7N82Q7A36KZC23R8X	3634	01K5JHDYGGECY28XFTPSX7P0FM	92.50	2018-11-29 13:00:00.000000	337547	2025-09-23 04:22:59.759000	2025-09-23 04:22:59.759000
01K5TCZ06ZFZD8YVWNB4K0SKHM	3634	01K5JHDZ2E1QDF5K4S34HXH8FD	87.00	2018-11-29 13:00:00.000000	337549	2025-09-23 04:23:00.198000	2025-09-23 04:23:00.198000
01K5TCZ0JP6TKJJ5JWJDE85TK1	3634	01K5JHDZKFFWHXHCHNTFBDNJCZ	84.50	2018-11-29 13:00:00.000000	337550	2025-09-23 04:23:00.573000	2025-09-23 04:23:00.573000
01K5TCZ10PHX718V4AVFPGVFAT	3634	01K5JHE04MZEZV3DTVXAN0261T	100.00	2018-11-29 13:00:00.000000	337551	2025-09-23 04:23:01.022000	2025-09-23 04:23:01.022000
01K5TCZ2XY56YT6SA91MZ1WPJT	3634	01K5JHE22GMYQXHB7W957N8VCF	85.00	2020-06-09 12:00:00.000000	337552	2025-09-23 04:23:02.979000	2025-09-23 04:23:02.979000
01K5TCZ39TF8ZAVGW59NH9BP05	3634	01K5JHE2M7CJBN6XM5JAVNNNXM	95.00	2020-06-09 12:00:00.000000	337553	2025-09-23 04:23:03.361000	2025-09-23 04:23:03.361000
01K5TCZ3Q2JDW8XJXNTHWC0W5A	3634	01K5JHE366HJJDMQ3QYYSZ4X9Y	86.50	2020-06-09 12:00:00.000000	337554	2025-09-23 04:23:03.785000	2025-09-23 04:23:03.785000
01K5TCZ43VZAD1EDBKNZPG7EQZ	3634	01K5JHE3VBRYQ1DW5K9ABP2FK4	86.00	2020-06-17 12:00:00.000000	342870	2025-09-23 04:23:04.194000	2025-09-23 04:23:04.194000
01K5TCZ4FNYEKVF467RWZN89NS	3634	01K5JHE4DPQ19TZEC49GXA4E4J	80.00	2020-07-03 12:00:00.000000	342829	2025-09-23 04:23:04.571000	2025-09-23 04:23:04.571000
01K5TCZ50KDN65X2E3H06P9PWN	3634	01K5JHE4ZEMHM751PNB8T5F3M5	85.50	2020-07-31 12:00:00.000000	343411	2025-09-23 04:23:05.114000	2025-09-23 04:23:05.114000
01K5TCZ5CDW6VFNX05GEWPXKYF	3634	01K5JHE5KR0JKDTRE87P7D65N6	81.50	2020-08-18 12:00:00.000000	345276	2025-09-23 04:23:05.492000	2025-09-23 04:23:05.492000
01K5TCZ5T58S47V7GKJ1DEC17B	3634	01K5JHE656NYVJJYMM6ZHJ2ZBJ	89.50	2020-10-23 13:00:00.000000	349552	2025-09-23 04:23:05.931000	2025-09-23 04:23:05.931000
01K5TCZ6A4RPDKGZVREY9QJGCP	3634	01K5JHE6QBW05DWXBM0RHJVRB8	80.00	2020-11-12 13:00:00.000000	352856	2025-09-23 04:23:06.442000	2025-09-23 04:23:06.442000
01K5TCZ6RJ03XM0901KPCDS373	3634	01K5JHE7AN3T5E1N1NDJVC5WP3	86.50	2020-12-09 13:00:00.000000	352857	2025-09-23 04:23:06.905000	2025-09-23 04:23:06.905000
01K5TCZ74EG4V4XNN9PVZ5GR1W	3634	01K5JHE7YPVA1G5NJ6QN40P6X1	88.50	2021-03-09 13:00:00.000000	356360	2025-09-23 04:23:07.285000	2025-09-23 04:23:07.285000
01K5TCZ7HEQ1M3CEK0GFJCA8KV	3634	01K5JHE8HXB3XJSHDB05JGM0ME	80.50	2021-04-07 12:00:00.000000	358408	2025-09-23 04:23:07.700000	2025-09-23 04:23:07.700000
01K5TCZ8WC2290BKDYR1CWKVTQ	3634	01K5JHP49TE80GAAXTWW0B4KQY	83.00	2019-11-15 13:00:00.000000	337558	2025-09-23 04:23:09.075000	2025-09-23 04:23:09.075000
01K5TCZ98GY8W4048T21MQ8NGK	3634	01K5JHP4TQ6KPR3Z7418T28F9N	93.00	2019-11-15 13:00:00.000000	337559	2025-09-23 04:23:09.462000	2025-09-23 04:23:09.462000
01K5TCZ9MHQTCVD5RXV6SV2MY0	3634	01K5JHP5DE9YCVBFF6K0QQZ7RT	99.50	2019-11-15 13:00:00.000000	337560	2025-09-23 04:23:09.848000	2025-09-23 04:23:09.848000
01K5TCZA0F39C6S9JC3ZSQ4SXT	3634	01K5JHP619BA3P9EMWS0RCT8F3	82.00	2019-11-15 13:00:00.000000	337561	2025-09-23 04:23:10.229000	2025-09-23 04:23:10.229000
01K5TCZACBSZA3R33WXTPFDTE4	3634	01K5JHP6KDCBVJQT5MMCXBDBB7	83.00	2019-11-15 13:00:00.000000	337562	2025-09-23 04:23:10.610000	2025-09-23 04:23:10.610000
01K5TCZAQZN5S9J8GZBCQ90G07	3634	01K5JHP743D1RA4SD735RJ97GX	94.00	2019-11-15 13:00:00.000000	337563	2025-09-23 04:23:10.981000	2025-09-23 04:23:10.981000
01K5TCZC6X3KYCNSTH0230M04M	3634	01K5JHHNXR9SDWJBQMX3WXKY59	96.00	2018-08-31 12:00:00.000000	337564	2025-09-23 04:23:12.483000	2025-09-23 04:23:12.483000
01K5TCZCKR378EC6PD800CATZV	3634	01K5JHHPHRE2QGRJSFYRMMGF69	96.00	2018-08-31 12:00:00.000000	337565	2025-09-23 04:23:12.894000	2025-09-23 04:23:12.894000
01K5TCZD1JR9ANCQ1HGYN0E03Z	3634	01K5JHHQ4D50S8F6DD6XZ2E67W	88.00	2018-08-31 12:00:00.000000	337566	2025-09-23 04:23:13.337000	2025-09-23 04:23:13.337000
01K5TCZDDFXBPT0F6S2GXNWSKD	3634	01K5JHHQNH690P125SWHBH4VCN	92.00	2018-08-31 12:00:00.000000	337567	2025-09-23 04:23:13.718000	2025-09-23 04:23:13.718000
01K5TCZDS647EABTZHQJRW8VKN	3634	01K5JHHR6E69XDWEX13FKVMWGK	80.00	2018-08-31 12:00:00.000000	337568	2025-09-23 04:23:14.093000	2025-09-23 04:23:14.093000
01K5TCZE4ZW2KSXCR2W1V0BR49	3634	01K5JHHRQ8XR3KXF9ZWCDQ8CJB	96.00	2018-08-31 12:00:00.000000	337569	2025-09-23 04:23:14.472000	2025-09-23 04:23:14.472000
01K5TCZFBX3Z7DXMD0V2SV0RWG	3634	01K5JHEJB0TG4FJE560MWQTYCQ	96.40	2020-05-28 12:00:00.000000	366329	2025-09-23 04:23:15.715000	2025-09-23 04:23:15.715000
01K5TCZFSQWDG6JPK5ED6YR4WF	3634	01K5JHEJX83M9GXFMG4PJRDTEX	88.00	2020-07-01 12:00:00.000000	366330	2025-09-23 04:23:16.157000	2025-09-23 04:23:16.157000
01K5TCZG5FE9EV4GR2PXSNE98K	3634	01K5JHEKEEVDCM72TCHNEMY3FK	92.00	2020-09-23 12:00:00.000000	366331	2025-09-23 04:23:16.533000	2025-09-23 04:23:16.533000
01K5TCZGH2YW2YJ9018P6N28JT	3634	01K5JHEM89GH5RRH3SYPDKGPG5	92.10	2020-12-03 13:00:00.000000	366332	2025-09-23 04:23:16.905000	2025-09-23 04:23:16.905000
01K5TCZHRDJRS9S6XM237NQP60	3634	01K5JHPEAYV61RMKRNFNJ54N39	95.00	2021-04-15 12:00:00.000000	359169	2025-09-23 04:23:18.163000	2025-09-23 04:23:18.163000
01K5TCZJ48HR713A47V7Z1WCPY	3634	01K5JHPEXFVNTGF9JDR7BWG7G3	86.00	2021-07-08 12:00:00.000000	365197	2025-09-23 04:23:18.543000	2025-09-23 04:23:18.543000
01K5TCZJH3S73QX1V80JVNGVBK	3634	01K5JHPFEYVD991R6WSC73BV7M	96.00	2021-10-27 13:00:00.000000	373455	2025-09-23 04:23:18.954000	2025-09-23 04:23:18.954000
01K5TCZJXCPX0HY40R3R71DA22	3634	01K5JHPG0NCD6PMHYS9RFCAXJG	94.00	2021-12-13 13:00:00.000000	376651	2025-09-23 04:23:19.346000	2025-09-23 04:23:19.346000
01K5TCZMEFWSF4TDTDP0HQ2RFN	3634	01K5TCZM6RKBY7TRJFXKHCNBXK	100.00	2022-04-13 12:00:00.000000	386223	2025-09-23 04:23:20.918000	2025-09-23 04:23:20.918000
01K5TCZN3RC80YD044KRSKAMZT	3634	01K5TCZMVGBTWEVJB839BQ9B52	97.00	2022-05-12 12:00:00.000000	391879	2025-09-23 04:23:21.599000	2025-09-23 04:23:21.599000
01K5TCZNMMBYJJ6PCQW5W3E993	3634	01K5TCZNDM73HHDCAZZWHA1PHH	98.00	2022-05-31 12:00:00.000000	391880	2025-09-23 04:23:22.140000	2025-09-23 04:23:22.140000
01K5TCZP5JHPF3GP3XW81FY6JN	3634	01K5TCZNYPX401K7XF37FC30MF	93.00	2022-06-23 12:00:00.000000	391881	2025-09-23 04:23:22.680000	2025-09-23 04:23:22.680000
01K5TCZQVV71KX4ZY7S02K7VJD	3634	01K5JHEPBGGK5420KHD35RSZKB	97.50	2020-12-03 13:00:00.000000	352417	2025-09-23 04:23:24.418000	2025-09-23 04:23:24.418000
01K5TCZR7MWFZ7SF1JRPCS1TW5	3634	01K5JHEPX9CK0QTS4W3W5HATBF	98.00	2021-02-09 13:00:00.000000	355054	2025-09-23 04:23:24.795000	2025-09-23 04:23:24.795000
01K5TCZRKB3F2T09Q822CXAD8W	3634	01K5JHEQGFWHEFC8EFB76RMBG6	87.00	2021-02-25 13:00:00.000000	355606	2025-09-23 04:23:25.170000	2025-09-23 04:23:25.170000
01K5TCZRZNB670J82Q04YGKCVA	3634	01K5JHER54MMRQ10ARWZK871QT	95.00	2021-03-15 13:00:00.000000	357077	2025-09-23 04:23:25.564000	2025-09-23 04:23:25.564000
01K5TCZSBE53Y3REW1WFYRY8CH	3634	01K5JHERPWWJW0FM78D0XKWXSW	98.00	2021-03-25 13:00:00.000000	357914	2025-09-23 04:23:25.941000	2025-09-23 04:23:25.941000
01K5TCZSQAJPV9XQD9BA8X2ZCQ	3634	01K5JHES8B356XQB11TJ4Z6G9C	100.00	2021-04-09 12:00:00.000000	358574	2025-09-23 04:23:26.321000	2025-09-23 04:23:26.321000
01K5TCZT42CJ3RMVF9Y5PDF5DD	3634	01K5JHESSS8A060M9CY5J40ZF1	96.00	2021-05-12 12:00:00.000000	361114	2025-09-23 04:23:26.729000	2025-09-23 04:23:26.729000
01K5TCZTJPTKWWQJKCS82HQ17Y	3634	01K5JHETB0W06QQV3R7HC3EVV2	97.00	2021-05-25 12:00:00.000000	361738	2025-09-23 04:23:27.197000	2025-09-23 04:23:27.197000
01K5TCZV0T7AK5E6W7PMJ6E7B9	3634	01K5JHETYQXH92E2WX1B1TJXPG	95.00	2021-06-09 12:00:00.000000	363100	2025-09-23 04:23:27.649000	2025-09-23 04:23:27.649000
01K5TCZVCK9AYY1N2DE4XSB08X	3634	01K5JHEVFV09P58AY64S0BDE1J	100.00	2021-06-22 12:00:00.000000	364165	2025-09-23 04:23:28.026000	2025-09-23 04:23:28.026000
01K5TCZVRAR6Y07DXDTDQ1PKCN	3634	01K5JHEW53X9R0JF3HZZQ49G1M	92.00	2021-07-02 12:00:00.000000	364510	2025-09-23 04:23:28.401000	2025-09-23 04:23:28.401000
01K5TCZW42FHNVQM87W5D537CZ	3634	01K5JHEWT48B1BXX1HTYEFBF8C	97.50	2021-07-30 12:00:00.000000	367189	2025-09-23 04:23:28.776000	2025-09-23 04:23:28.776000
01K5TCZY06FKHX4P8YBS9EM1WB	3634	01K5TCZXS70WH1NS3TCW9XXKHT	93.00	2020-06-09 12:00:00.000000	337555	2025-09-23 04:23:30.701000	2025-09-23 04:23:30.701000
01K5TCZYGT6YAW8F434J0D3GR4	3634	01K5TCZYA2M8BHH4MF71GVHA31	85.00	2020-06-09 12:00:00.000000	337556	2025-09-23 04:23:31.233000	2025-09-23 04:23:31.233000
01K5TCZZ1FXDCMTVBSMAGXFPAQ	3634	01K5TCZYTP9CFS087PKE910438	91.00	2020-06-09 12:00:00.000000	337557	2025-09-23 04:23:31.765000	2025-09-23 04:23:31.765000
01K5TCZZJ50H0Y2TNYPFEJSP0X	3634	01K5TCZZBA9VA9A1NNHQW822P8	100.00	2020-06-19 12:00:00.000000	342169	2025-09-23 04:23:32.299000	2025-09-23 04:23:32.299000
01K5TD004WPH8V2114CR4JV55V	3634	01K5TCZZXWAZ3TBBXK4CVMPATT	80.00	2020-07-27 12:00:00.000000	343409	2025-09-23 04:23:32.899000	2025-09-23 04:23:32.899000
01K5TD00NVHEFMN0EVWPQYGWJ0	3634	01K5TD00ESZP8SC6A2WCP0GMWC	96.50	2020-08-10 12:00:00.000000	343935	2025-09-23 04:23:33.443000	2025-09-23 04:23:33.443000
01K5TD018RBVQ3N6DKV5G353NZ	3634	01K5TD011XGQBZVHMCSEAPCS7V	90.00	2020-09-11 12:00:00.000000	346596	2025-09-23 04:23:34.047000	2025-09-23 04:23:34.047000
01K5TD01SE2K3XY38EX43DAVRK	3634	01K5TD01JM1259C0G6GSZC6DS9	93.75	2020-10-15 13:00:00.000000	349345	2025-09-23 04:23:34.581000	2025-09-23 04:23:34.581000
01K5TD02GQCMJYM659KAXSKP02	3634	01K5TD028AXAKSJSYZ9C0VD75F	86.50	2020-11-06 13:00:00.000000	350302	2025-09-23 04:23:35.326000	2025-09-23 04:23:35.326000
01K5TD03265EZMAXGH2H10917R	3634	01K5TD02TM63X04EF16Z1VVG89	99.00	2020-11-23 13:00:00.000000	351883	2025-09-23 04:23:35.885000	2025-09-23 04:23:35.885000
01K5TD03K5F8XAPNCTXCCDQGSW	3634	01K5TD03C5K3NNZFWN1J15HN6V	89.50	2020-12-11 13:00:00.000000	353087	2025-09-23 04:23:36.428000	2025-09-23 04:23:36.428000
01K5TD04441CA66NJ82M22PV7B	3634	01K5TD03X7DP0XYSFQ0FPZ0038	82.50	2021-02-23 13:00:00.000000	355499	2025-09-23 04:23:36.970000	2025-09-23 04:23:36.970000
01K5TD05Y8ZARPX61JAQGDEHE5	3634	01K5TD05PZD7VS1SP1PVPWW1SJ	100.00	2021-09-30 13:00:00.000000	371635	2025-09-23 04:23:38.831000	2025-09-23 04:23:38.831000
01K5TD06F809220C48SWQF2TMY	3634	01K5TD0689SDTYRFZW00VQFX26	95.00	2021-10-21 13:00:00.000000	373261	2025-09-23 04:23:39.375000	2025-09-23 04:23:39.375000
01K5TD070M7J433M1FGF8KRDQD	3634	01K5TD06SGPQB7EASH99B457AT	80.00	2021-11-18 13:00:00.000000	374687	2025-09-23 04:23:39.930000	2025-09-23 04:23:39.930000
01K5TD07HNEQVSYEWBQ76E70V5	3634	01K5TD07AGBJK9T8N65PN6WFSE	90.00	2021-11-26 13:00:00.000000	375257	2025-09-23 04:23:40.476000	2025-09-23 04:23:40.476000
01K5TD083C411SD0YV5B4Y3GPG	3634	01K5TD07W9SBYTW70QF3V83TT9	92.00	2022-02-08 13:00:00.000000	378700	2025-09-23 04:23:41.042000	2025-09-23 04:23:41.042000
01K5TD08KY4WQNZGWS3PWZBCE4	3634	01K5TD08D828NX9MRB01SANBVX	86.00	2022-02-22 13:00:00.000000	379491	2025-09-23 04:23:41.573000	2025-09-23 04:23:41.573000
01K5TD094QR1PX7HGXCVJ4XZ88	3634	01K5TD08XT070V8WBYPTQ5VGYT	85.00	2022-03-10 13:00:00.000000	381213	2025-09-23 04:23:42.111000	2025-09-23 04:23:42.111000
01K5TD09NGG297NHB02N4NPTRQ	3634	01K5TD09EP6WRJSJSBQECHEXZM	90.00	2022-03-31 13:00:00.000000	383558	2025-09-23 04:23:42.648000	2025-09-23 04:23:42.648000
01K5TD0A6JWGFA5RY688VVHENX	3634	01K5TD09ZE4X5T64B2M8JSE44J	95.00	2022-04-08 12:00:00.000000	383952	2025-09-23 04:23:43.194000	2025-09-23 04:23:43.194000
01K5TD0AQECFH4THRSHNTBZYMA	3634	01K5TD0AGHY40EH0E923F056N6	92.00	2022-05-05 12:00:00.000000	386632	2025-09-23 04:23:43.733000	2025-09-23 04:23:43.733000
01K5TD0C42BY4F91TNG6Q2E1HG	3634	01K5JHFB1XA8B69X393YB7367J	97.00	2018-08-23 12:00:00.000000	366429	2025-09-23 04:23:45.161000	2025-09-23 04:23:45.161000
01K5TD0CFRWADDWJFC043KHDEM	3634	01K5JHFBM9XEWBHFVXTWBAV5X4	80.00	2018-11-15 13:00:00.000000	366430	2025-09-23 04:23:45.534000	2025-09-23 04:23:45.534000
01K5TD0CVYNK59EBPD3AZR3JB1	3634	01K5JHFC8AH32CM8S8MBQ3KXMN	83.00	2019-03-28 13:00:00.000000	366431	2025-09-23 04:23:45.926000	2025-09-23 04:23:45.926000
01K5TD0D8N7DRDQX4BGZT0HN40	3634	01K5JHFCS9XDMYWKTMGRENF7CN	97.00	2019-05-23 12:00:00.000000	366432	2025-09-23 04:23:46.332000	2025-09-23 04:23:46.332000
01K5TD0DQ0BZNVND1YVRTE7B81	3634	01K5JHFDBQT38GJNRKNV12QPD1	93.00	2019-07-24 12:00:00.000000	366433	2025-09-23 04:23:46.791000	2025-09-23 04:23:46.791000
01K5TD0E2VR20VC5RXXGCBXV9B	3634	01K5JHFDWWM0723ES3CR9TZWNK	88.00	2019-08-14 12:00:00.000000	366434	2025-09-23 04:23:47.169000	2025-09-23 04:23:47.169000
01K5TD0G7EQS44H4HJVPWTWGDP	3634	01K5JHFFC0SA0MQZ7E48A62RDP	88.00	2020-05-28 12:00:00.000000	366325	2025-09-23 04:23:49.366000	2025-09-23 04:23:49.366000
01K5TD0GK9326J06MCW66JAV9S	3634	01K5JHFFYQZR1YKNYKPK2K2YWC	82.00	2020-07-01 12:00:00.000000	366326	2025-09-23 04:23:49.745000	2025-09-23 04:23:49.745000
01K5TD0GZ0DDW3BV0YD5BQAF1X	3634	01K5JHFGHX83644Y3WSPQDKS49	82.00	2020-09-23 12:00:00.000000	366327	2025-09-23 04:23:50.119000	2025-09-23 04:23:50.119000
01K5TD0HAV5X647TBCEFSF4G36	3634	01K5JHFH4J2FKN25QBY3C5EBKY	85.00	2020-12-03 13:00:00.000000	366328	2025-09-23 04:23:50.497000	2025-09-23 04:23:50.497000
01K5TD0JJ6GMN8EBDGKCB9AMRT	3634	01K5JHFJGYW7SRE4EB7KPCHNHK	88.00	2021-04-01 13:00:00.000000	358272	2025-09-23 04:23:51.757000	2025-09-23 04:23:51.757000
01K5TD0JXT6BE173XF45Y5VY8W	3634	01K5JHFK2A9RYWGMNR64YPX8EF	80.00	2021-07-02 12:00:00.000000	364517	2025-09-23 04:23:52.129000	2025-09-23 04:23:52.129000
01K5TD0K9NCV7FFQ68T7P70D3V	3634	01K5JHFKN5SZ5S6D77H5G23AYP	96.00	2021-09-24 12:00:00.000000	372076	2025-09-23 04:23:52.509000	2025-09-23 04:23:52.509000
01K5TD0KQ4JWSEEGZNAH60MEFA	3634	01K5JHFM8AWYMWFBT0KVAZQG1Y	96.00	2021-12-13 13:00:00.000000	376498	2025-09-23 04:23:52.940000	2025-09-23 04:23:52.940000
\.

--
-- Data for Name: student; Type: TABLE DATA; Schema: public; Owner: admin
--

COPY public.student (id, name, date_of_birth, is_enrolled, created_at, updated_at) FROM stdin;
3634	Mala Ayesha	2005-06-20 12:00:00.000000	false	2025-09-23 04:21:30.277000	2025-09-23 04:21:30.277000
3925	Blakelock Mirage	2005-10-22 13:00:00.000000	false	2025-09-23 01:22:35.559000	2025-09-23 01:22:35.559000
4368	Moore Clayton	2006-10-31 13:00:00.000000	false	2025-09-19 03:33:53.877000	2025-09-19 03:33:53.877000
4684	Joel Sunga	2007-12-01 13:00:00.000000	true	2025-09-19 03:33:16.926000	2025-09-19 03:33:16.926000
4725	Jedd Gilbert	2007-04-08 12:00:00.000000	true	2025-09-18 07:15:04.394000	2025-09-18 07:15:04.394000
4917	Botha Ethan	2008-12-09 13:00:00.000000	true	2025-09-18 05:51:20.230000	2025-09-18 05:51:20.230000
4918	McCormack  Clinton	2008-10-30 13:00:00.000000	false	2025-09-19 06:12:45.116000	2025-09-19 06:12:45.116000
5139	Yachamaneni  Haimi	2010-03-12 13:00:00.000000	true	2025-09-22 06:39:46.421000	2025-09-22 06:39:46.421000
\.

--
-- Data for Name: student_subject; Type: TABLE DATA; Schema: public; Owner: admin
--

COPY public.student_subject (id, student_id, subject_id, enrolled_at, date_completed) FROM stdin;
01K5JHB6JDVCWK28E8Y5TBV9RS	4917	01K5JHB5C00SCX0S4V6SE3VHJ8	2022-07-26 00:00:00.000000	2024-09-23 12:00:00.000000
01K5JHBEJ8QG0N5MR5HG4YNFX0	4917	01K5JHBDCXTXNHKGV6JVG5185Q	2008-05-25 00:00:00.000000	2025-08-15 12:00:00.000000
01K5JHBPZV973H4Y18VC2QCSE8	4917	01K5JHBNR695HAVSB0GXR47RW0	2023-02-02 00:00:00.000000	2024-05-28 12:00:00.000000
01K5JHBZFWPQK0GH457PD56QE9	4917	01K5JHBY86DAYWPDVK824BSVTJ	2001-04-25 00:00:00.000000	2025-02-24 13:00:00.000000
01K5JHC7DQYG2K07C3908E00HH	4917	01K5JHC6C9YYK4C2MMEH9P43BZ	2025-05-09 00:00:00.000000	\N
01K5JHCDHTT5CPMY8J79JJV54Q	4917	01K5JHCCN03JC01DJ0D6D2R3SR	2023-03-01 00:00:00.000000	2023-10-18 13:00:00.000000
01K5JHCHQXQZ0PZXDRDKRGXH0Z	4917	01K5JHCH94CVP9YB04YWJ95QYJ	2025-09-20 03:06:22.845000	2024-04-03 13:00:00.000000
01K5JHCKCFE7MGQNMD0M3SXJ49	4917	01K5JHCJ6XBQWS9C3Z7Y7MPRN9	2024-02-28 00:00:00.000000	2025-02-20 13:00:00.000000
01K5JHCW87Q9X3R7J1J99VVZ9K	4917	01K5JHCTWA1H1E01P65S9VAW24	2023-02-02 00:00:00.000000	2024-03-22 13:00:00.000000
01K5JHD4WZCWMAEYBB2THKNXWK	4917	01K5JHD3N36WA8362H1JHQ5K4V	2014-03-25 00:00:00.000000	2025-03-20 13:00:00.000000
01K5JHDD28HSS0E10H82BJKHR5	4917	01K5JHDC14N3NGPY807DJKZCDV	2005-03-25 00:00:00.000000	\N
01K5JHDM5NC5MQ8YTX8KGBT6JB	4917	01K5JHDKBF2RG0P1BCDQ20VR87	2001-04-25 00:00:00.000000	2025-08-12 12:00:00.000000
01K5JHDS88SGB86WE1PMQA2TMR	4917	01K5JHDQZES94GEEZVVAZFSXHC	2023-02-03 00:00:00.000000	2023-11-17 13:00:00.000000
01K5JHE1R9JY1KMP1NXGSR18HY	4917	01K5JHE0HWWDS5QYW2XNED70QY	2019-03-25 00:00:00.000000	2025-02-24 13:00:00.000000
01K5JHEA893BAC1548BFR0VFK7	4917	01K5JHE91WHST5ASHEQE6X1S8A	2003-04-25 00:00:00.000000	\N
01K5JHEJ12WYT6RCQF76KCTRH0	4917	01K5JHEH89NG2DTYKQSHGPZC9P	2024-04-05 00:00:00.000000	2024-11-28 13:00:00.000000
01K5JHEP0GXB0F4671ZDWR68PQ	4917	01K5JHEMMP2TYR4N0DCG3KFVTR	2024-02-21 00:00:00.000000	2024-11-08 13:00:00.000000
01K5JHEYN4WP9ZMWD91RBT4HAD	4917	01K5JHEXBHQ6F3682W0KKCHDP4	2005-03-25 00:00:00.000000	2025-09-18 12:00:00.000000
01K5JHF672EBY3SM9QZ6N18904	4917	01K5JHF5NXAWJFA2YJFMTDTCM6	2025-09-03 00:00:00.000000	\N
01K5JHFAMNQRPB7VJJFEC4NDHY	4917	01K5JHF9S6T5VDY1ESG3VBW6ZD	2023-09-18 00:00:00.000000	2024-07-04 12:00:00.000000
01K5JHFF1XRYNYQTSPA06E83CP	4917	01K5JHFE8TY9TMKA93W4A2GHVM	2024-04-09 00:00:00.000000	2024-12-04 13:00:00.000000
01K5JHFJ6W8TBCB0MGA7GCTS78	4917	01K5JHFHGQVWXJBY8GEEXNMR3Y	2025-04-04 00:00:00.000000	\N
01K5JHFN1YY6RHYMFMW548KHSQ	4917	01K5JHFMDE60P8Q6WPTW4QADS2	2023-07-31 00:00:00.000000	2023-07-31 12:00:00.000000
01K5JHH4YHTTMC95QMMDNNRRT0	4368	01K5JHH49QT0CFMP5S1V3D01ZX	2023-02-07 00:00:00.000000	\N
01K5JHH7BECGPG3X0Y3DFAX8TN	4368	01K5JHBNR695HAVSB0GXR47RW0	2022-10-28 00:00:00.000000	\N
01K5JHHA82G96X4EDNFC174SZP	4368	01K5JHH9KNKWBYM9SJPXKZ1X3C	2022-08-04 00:00:00.000000	\N
01K5JHHFN67NMZPWNNM6C5FWWZ	4368	01K5JHCTWA1H1E01P65S9VAW24	2022-06-17 00:00:00.000000	\N
01K5JHHJEMXJANCBR9NJM5FSC0	4368	01K5JHDQZES94GEEZVVAZFSXHC	2022-07-07 00:00:00.000000	\N
01K5JHHNKTQY91PRG23M2V7KKP	4368	01K5JHHMRH55AW2WATME7KN10A	2022-02-16 00:00:00.000000	2022-10-21 13:00:00.000000
01K5JHHSRW3KSZ9672C7RCYVXG	4368	01K5JHEH89NG2DTYKQSHGPZC9P	2022-04-08 00:00:00.000000	\N
01K5JHHW82K6SQ9E073M4DKFYC	4368	01K5JHF9S6T5VDY1ESG3VBW6ZD	2022-08-18 00:00:00.000000	\N
01K5JHHYK8VHW2XGJ750CEMBQ2	4368	01K5JHFE8TY9TMKA93W4A2GHVM	2022-04-07 00:00:00.000000	2022-12-07 13:00:00.000000
01K5JHJ0YFEE8NHP8RNJ1CHPJM	4368	01K5JHJ0B7ZDK8AC973QC98XZK	2025-09-20 03:09:22.255000	2022-05-26 12:00:00.000000
01K5JHKGEEP7VC5XSVZ566644S	4684	01K5JHB5C00SCX0S4V6SE3VHJ8	2021-04-29 00:00:00.000000	2023-06-16 12:00:00.000000
01K5JHKPVHQT9BDP23BJR22HP8	4684	01K5JHBDCXTXNHKGV6JVG5185Q	2023-07-26 00:00:00.000000	2024-07-23 12:00:00.000000
01K5JHKWPP2CQ11HF59JY01WV0	4684	01K5JHKVH5KQJ7YSMW3P5NHCP6	2006-05-25 00:00:00.000000	2025-06-09 12:00:00.000000
01K5JHM4EW2P99448ZHXFXQVDV	4684	01K5JHBNR695HAVSB0GXR47RW0	2021-04-29 00:00:00.000000	2023-03-09 13:00:00.000000
01K5JHMAJNP6ZV86GDAND1PGNZ	4684	01K5JHBY86DAYWPDVK824BSVTJ	2023-03-31 00:00:00.000000	2024-05-06 12:00:00.000000
01K5JHMGP3BE914TEN2K5EM0HK	4684	01K5JHC6C9YYK4C2MMEH9P43BZ	2024-05-23 00:00:00.000000	2025-02-24 13:00:00.000000
01K5JHMN4YKZ11MXWX3QT4NF7P	4684	01K5JHCH94CVP9YB04YWJ95QYJ	2025-09-20 03:10:48.478000	2023-10-18 13:00:00.000000
01K5JHMPMW856QNKDFRXN6JKVV	4684	01K5JHCJ6XBQWS9C3Z7Y7MPRN9	2022-04-07 00:00:00.000000	2023-08-30 12:00:00.000000
01K5JHMWCZ6KM85SWHR8KF4XCV	4684	01K5JHCTWA1H1E01P65S9VAW24	2022-02-28 00:00:00.000000	2022-12-13 13:00:00.000000
01K5JHN25WBHV3DT08S98D51DC	4684	01K5JHDQZES94GEEZVVAZFSXHC	2021-03-08 00:00:00.000000	2022-02-04 13:00:00.000000
01K5JHN80K85BP3D16BWBXSM13	4684	01K5JHE0HWWDS5QYW2XNED70QY	2022-04-13 00:00:00.000000	2023-09-22 12:00:00.000000
01K5JHNDWMS9Q9VT6D131K0E01	4684	01K5JHE91WHST5ASHEQE6X1S8A	2023-11-07 00:00:00.000000	2024-10-29 13:00:00.000000
01K5JHNKV5FWX4W4DY10E52J54	4684	01K5JHNJHX0DTGY8W6DKGZC8RX	2002-05-25 00:00:00.000000	2025-04-02 13:00:00.000000
01K5JHNVW3GV8PCJENBWHQS3GN	4684	01K5JHNTNTCGG3BSSADN8QYPF4	2009-05-25 00:00:00.000000	2025-06-24 12:00:00.000000
01K5JHP30XKR1YKTXR9NG5EGRN	4684	01K5JHP2J5N7STJ91V8CKWHG3Q	2025-09-20 03:11:35.453000	2025-03-05 13:00:00.000000
01K5JHP3ZY3Y2TB6ND0QADYR1G	4684	01K5JHP360JKVZM1MVGAWJ2E74	2022-06-07 00:00:00.000000	2022-12-06 13:00:00.000000
01K5JHP8BRP1H8T4PHQ4D01PHF	4684	01K5JHHMRH55AW2WATME7KN10A	2021-05-18 00:00:00.000000	2021-12-09 13:00:00.000000
01K5JHPBHB0MHB3QR1K00VG3CM	4684	01K5JHEH89NG2DTYKQSHGPZC9P	2023-05-22 00:00:00.000000	2023-11-22 13:00:00.000000
01K5JHPDZ944NFCW1RQ5Q2K48Z	4684	01K5JHPD77W4KHC57WNDBNJEQR	2024-04-05 00:00:00.000000	2024-11-28 13:00:00.000000
01K5JHPHJ0286X6WEJX26Q7RZ1	4684	01K5JHEMMP2TYR4N0DCG3KFVTR	2022-09-06 00:00:00.000000	2023-08-30 12:00:00.000000
01K5JHPQJ5ZQ5494KZTDHRZ5B0	4684	01K5JHEXBHQ6F3682W0KKCHDP4	2022-07-26 00:00:00.000000	2023-11-28 13:00:00.000000
01K5JHPXRJGTCW7QPD01YHGYV8	4684	01K5JHF5NXAWJFA2YJFMTDTCM6	2002-04-25 00:00:00.000000	2025-05-21 12:00:00.000000
01K5JHQ2RYK4RYVCJJH5MGF7K9	4684	01K5JHF9S6T5VDY1ESG3VBW6ZD	2021-08-05 00:00:00.000000	2022-09-08 12:00:00.000000
01K5JHQ5Y4Y0SHE3Q0SWQARMWW	4684	01K5JHQ5CT0SEN2WMBT1YKRHRY	2025-09-20 03:12:11.204000	2025-06-18 12:00:00.000000
01K5JHQ6YZDH3EN2YGQT5GK0BB	4684	01K5JHQ6EZX0944PDRJ11ASMEP	2025-09-20 03:12:12.255000	2024-06-25 12:00:00.000000
01K5JHQ84ZJ43EV0XCTTR9APBV	4684	01K5JHFE8TY9TMKA93W4A2GHVM	2023-05-23 00:00:00.000000	2023-12-01 13:00:00.000000
01K5JHQARJGA097FD4VW1D4JK1	4684	01K5JHFHGQVWXJBY8GEEXNMR3Y	2024-04-08 00:00:00.000000	2024-12-04 13:00:00.000000
01K5JHQD3TAY4G8HK8KM19EH7J	4684	01K5JHQCGASDGMWC14JAS1T4GX	2025-09-20 03:12:18.554000	2022-04-12 12:00:00.000000
01K5JHYM7X75JVN1KFZN4H5DQ8	4725	01K5JHB5C00SCX0S4V6SE3VHJ8	2023-03-25 00:00:00.000000	\N
01K5JHYSHC7APN5AC9GY9QGDVM	4725	01K5JHBNR695HAVSB0GXR47RW0	2009-04-25 00:00:00.000000	\N
01K5JHYZH61YYFW3MH027RXXT5	4725	01K5JHH9KNKWBYM9SJPXKZ1X3C	2013-09-24 00:00:00.000000	2025-06-10 12:00:00.000000
01K5JHZ5BFZY91K6YEABZKAWET	4725	01K5JHCJ6XBQWS9C3Z7Y7MPRN9	2025-07-24 00:00:00.000000	\N
01K5JHZ90PFX91Y1EWAPC2CKK0	4725	01K5JHD3N36WA8362H1JHQ5K4V	2025-08-25 00:00:00.000000	\N
01K5JHZCFZNE3GHTTDHT2KVQV8	4725	01K5JHDQZES94GEEZVVAZFSXHC	2022-03-29 00:00:00.000000	2023-06-29 12:00:00.000000
01K5JHZJD33RR9HGJVBHA3HASQ	4725	01K5JHE0HWWDS5QYW2XNED70QY	2009-05-25 00:00:00.000000	2025-08-12 12:00:00.000000
01K5JHZQMMRDVX40EQXY75F0CG	4725	01K5JHHMRH55AW2WATME7KN10A	2025-08-27 00:00:00.000000	\N
01K5JHZSTC363MFFJT9071GZEQ	4725	01K5JHEH89NG2DTYKQSHGPZC9P	2023-05-22 00:00:00.000000	\N
01K5JHZVWXCDVYZM492RTP6QQ1	4725	01K5JHPD77W4KHC57WNDBNJEQR	2024-04-05 00:00:00.000000	\N
01K5JHZYGZYXF9Q20S4FK87B42	4725	01K5JHEMMP2TYR4N0DCG3KFVTR	2017-03-25 00:00:00.000000	2025-07-30 12:00:00.000000
01K5JJ03YKY00NKFBRTPNW0QQ1	4725	01K5JHEXBHQ6F3682W0KKCHDP4	2025-09-15 00:00:00.000000	\N
01K5JJ06YPPFP4ZAJBM5YM0XQ2	4725	01K5JHF9S6T5VDY1ESG3VBW6ZD	2022-05-26 00:00:00.000000	\N
01K5JJ09PHNK987CR68TK2XSP9	4725	01K5JHFE8TY9TMKA93W4A2GHVM	2023-05-23 00:00:00.000000	2023-12-01 13:00:00.000000
01K5JJ0C5G7E375YCK5M64JQCR	4725	01K5JHFHGQVWXJBY8GEEXNMR3Y	2024-04-08 00:00:00.000000	2024-12-04 13:00:00.000000
01K5JJ0VXFHWMW0Y8NNDZE0DDY	4918	01K5JHB5C00SCX0S4V6SE3VHJ8	2015-05-25 00:00:00.000000	\N
01K5JJ107D7HKTD9FB7P5TXSR6	4918	01K5JHBDCXTXNHKGV6JVG5185Q	2025-06-06 00:00:00.000000	\N
01K5JJ14M3XM411GHWTY7S0MXG	4918	01K5JHBNR695HAVSB0GXR47RW0	2012-05-25 00:00:00.000000	2025-05-29 12:00:00.000000
01K5JJ1A22DK89E199ZA7AX21C	4918	01K5JHBY86DAYWPDVK824BSVTJ	2025-06-25 00:00:00.000000	\N
01K5JJ1DV52R7ZW9PDQSCXAB9M	4918	01K5JHCCN03JC01DJ0D6D2R3SR	2023-03-01 00:00:00.000000	2023-10-18 13:00:00.000000
01K5JJ1GS13VZNB34SHQ46GDVN	4918	01K5JHCH94CVP9YB04YWJ95QYJ	2025-09-20 03:17:49.985000	2024-04-03 13:00:00.000000
01K5JJ1J9ZEYZ1YX17HB9NV6HY	4918	01K5JHCJ6XBQWS9C3Z7Y7MPRN9	2010-04-25 00:00:00.000000	2025-06-09 12:00:00.000000
01K5JJ1R63718ZM2DQ5FT7CSZ7	4918	01K5JHCTWA1H1E01P65S9VAW24	2023-05-16 00:00:00.000000	2025-03-17 13:00:00.000000
01K5JJ1XZX06S7YPJ6E6W5YNCB	4918	01K5JHD3N36WA8362H1JHQ5K4V	2019-05-06 00:00:00.000000	\N
01K5JJ22GNE949DQY784AFXEMM	4918	01K5JHDC14N3NGPY807DJKZCDV	2025-09-09 00:00:00.000000	\N
01K5JJ25XAHKH76G40X29JXKAE	4918	01K5JHDQZES94GEEZVVAZFSXHC	2022-02-04 00:00:00.000000	2023-03-16 13:00:00.000000
01K5JJ2BPFNGS1YRHHT2Q71WYV	4918	01K5JHE0HWWDS5QYW2XNED70QY	2021-05-25 00:00:00.000000	2025-09-03 12:00:00.000000
01K5JJ2H9DET546XQX0T474XD7	4918	01K5JHP360JKVZM1MVGAWJ2E74	2019-05-25 00:00:00.000000	2025-08-20 12:00:00.000000
01K5JJ2MJR9Z0C54N543A23JE6	4918	01K5JHHMRH55AW2WATME7KN10A	2023-08-10 00:00:00.000000	2024-05-20 12:00:00.000000
01K5JJ2QRZN8JESK7T0F4SD9ZS	4918	01K5JHEH89NG2DTYKQSHGPZC9P	2024-04-05 00:00:00.000000	2024-11-28 13:00:00.000000
01K5JJ2TRZ1AJH3VM3ENQHZTVZ	4918	01K5JHEMMP2TYR4N0DCG3KFVTR	2013-05-25 00:00:00.000000	2025-04-04 13:00:00.000000
01K5JJ30G17VGF34QG3E72PWAJ	4918	01K5JHF9S6T5VDY1ESG3VBW6ZD	2022-03-10 00:00:00.000000	2023-06-01 12:00:00.000000
01K5JJ33FQ38VXKMDTF1J0DFV2	4918	01K5JHQ5CT0SEN2WMBT1YKRHRY	2025-09-20 03:18:41.911000	2025-06-12 12:00:00.000000
01K5JJ34GM3K0CHPBQ3N68NG35	4918	01K5JHFE8TY9TMKA93W4A2GHVM	2024-04-08 00:00:00.000000	2024-12-04 13:00:00.000000
01K5JJ373M9GMT86D8SZ7V7525	4918	01K5JHFHGQVWXJBY8GEEXNMR3Y	2025-04-04 00:00:00.000000	\N
01K5JJ3933XZYKW71ZPW12094V	4918	01K5JJ38KZSWBEHSJXWHR934C2	2025-09-20 03:18:47.651000	2022-04-01 13:00:00.000000
01K5R2CRNJVADWZYB84HQJN7V3	5139	01K5JHB5C00SCX0S4V6SE3VHJ8	2015-05-25 00:00:00.000000	\N
01K5R2CWN98AXXNTF0XWRPCH2R	5139	01K5JHBNR695HAVSB0GXR47RW0	2013-05-25 00:00:00.000000	\N
01K5R2D0MAW624QG21PE7SN6AS	5139	01K5JHH9KNKWBYM9SJPXKZ1X3C	2025-02-26 00:00:00.000000	\N
01K5R2D3VYDEZC0AQV681M5MZG	5139	01K5JHCJ6XBQWS9C3Z7Y7MPRN9	2021-03-25 00:00:00.000000	\N
01K5R2D980A4M40HJ6MRH47Q9W	5139	01K5R2D83HKGY1ZKP14EGG3QKY	2008-04-25 00:00:00.000000	\N
01K5R2DGPKJ0B3X8QGND504PWN	5139	01K5JHDQZES94GEEZVVAZFSXHC	2019-05-25 00:00:00.000000	2025-09-02 12:00:00.000000
01K5R2DP2AP1MBQTCYK1YSMY8M	5139	01K5JHEMMP2TYR4N0DCG3KFVTR	2025-09-12 00:00:00.000000	\N
01K5R2DRZPM1A5RHWY7XA3NA09	5139	01K5JHFE8TY9TMKA93W4A2GHVM	2025-04-04 00:00:00.000000	\N
01K5R2DTZC72W9EW2T2HMTBTZY	5139	01K5JHFHGQVWXJBY8GEEXNMR3Y	2025-06-26 00:00:00.000000	\N
01K5T2MQA48N1EJF5WBSFEWP1Q	3925	01K5JHB5C00SCX0S4V6SE3VHJ8	2021-02-02 00:00:00.000000	\N
01K5T2MWV314VT2DP8AQ99EME8	3925	01K5JHBNR695HAVSB0GXR47RW0	2020-03-05 00:00:00.000000	2021-10-01 13:00:00.000000
01K5T2N23XN7K2G9AAF0Q111ZG	3925	01K5T2N1N1KBN6Q08871V0XHAB	2025-09-23 01:22:48.573000	2021-06-09 12:00:00.000000
01K5T2N3NK5KYBPYGR1AHRB57N	3925	01K5JHCCN03JC01DJ0D6D2R3SR	2019-06-26 00:00:00.000000	2020-12-03 13:00:00.000000
01K5T2N6M26FPN368X5HPB0ENB	3925	01K5JHCH94CVP9YB04YWJ95QYJ	2025-09-23 01:22:53.186000	2020-10-30 13:00:00.000000
01K5T2N865J5EGZMBZ9SK2MRR8	3925	01K5JHCTWA1H1E01P65S9VAW24	2021-02-02 00:00:00.000000	\N
01K5T2NDMZ2D7WG7YDJYZ59CMV	3925	01K5JHD3N36WA8362H1JHQ5K4V	2021-02-24 00:00:00.000000	\N
01K5T2NJC4XQPC3JGJTCGHRCPD	3925	01K5JHDQZES94GEEZVVAZFSXHC	2019-02-05 00:00:00.000000	2020-09-16 12:00:00.000000
01K5T2NQXF7MH702Q9QA285T64	3925	01K5JHE0HWWDS5QYW2XNED70QY	2021-06-03 00:00:00.000000	\N
01K5T2NVF72NN25X2ZF3HVP387	3925	01K5JHP360JKVZM1MVGAWJ2E74	2021-02-25 00:00:00.000000	2021-09-29 13:00:00.000000
01K5T2NZC01FMTF6ZGC80HP40Z	3925	01K5JHHMRH55AW2WATME7KN10A	2019-02-19 00:00:00.000000	2020-05-15 12:00:00.000000
01K5T2P2WBM8RB42WCHMBWFSSE	3925	01K5JHEH89NG2DTYKQSHGPZC9P	2021-04-15 00:00:00.000000	\N
01K5T2P5GHSZ68FP2265XH96AC	3925	01K5JHEMMP2TYR4N0DCG3KFVTR	2020-11-02 00:00:00.000000	2021-02-25 13:00:00.000000
01K5T2PBFD64SXF9DE6D72BRQJ	3925	01K5JHF9S6T5VDY1ESG3VBW6ZD	2019-08-14 00:00:00.000000	\N
01K5T2PDTQ0F41GSK99QWDBCPB	3925	01K5JHFE8TY9TMKA93W4A2GHVM	2021-09-24 00:00:00.000000	\N
01K5T2PFFC45VPSF9JT9Q9EMWH	3925	01K5T2PEXCRBRPK28NTZ7FX13K	2025-09-23 01:23:35.020000	2019-06-20 12:00:00.000000
01K5TCWAGM03YZ8VJD7X01T50D	3634	01K5JHB5C00SCX0S4V6SE3VHJ8	2020-02-26 00:00:00.000000	2020-02-26 13:00:00.000000
01K5TCWGEVTCVKTWKNVQRTP0M3	3634	01K5JHBDCXTXNHKGV6JVG5185Q	2020-06-09 00:00:00.000000	2022-06-23 12:00:00.000000
01K5TCWPR74WZBRXEKPZA154D9	3634	01K5JHBNR695HAVSB0GXR47RW0	2020-05-18 00:00:00.000000	2020-05-18 12:00:00.000000
01K5TCWXE75CSYQJQTZ30EPK03	3634	01K5JHBY86DAYWPDVK824BSVTJ	2020-06-12 00:00:00.000000	2021-11-19 13:00:00.000000
01K5TCX3RBDV8VH94NVV2CNH6X	3634	01K5TCX2J45VN7MDF58P2PC2A4	2021-11-26 00:00:00.000000	2022-06-28 12:00:00.000000
01K5TCXC3FKQB01T0A52QYF2K7	3634	01K5T2N1N1KBN6Q08871V0XHAB	2025-09-23 04:22:06.703000	2021-06-09 12:00:00.000000
01K5TCXDEPH5488CYFDZWX6YNE	3634	01K5JHC6C9YYK4C2MMEH9P43BZ	2021-11-29 00:00:00.000000	2022-05-19 12:00:00.000000
01K5TCXJEN01R4FKJ7JCRVM0Z4	3634	01K5JHCCN03JC01DJ0D6D2R3SR	2018-06-27 00:00:00.000000	2019-12-04 13:00:00.000000
01K5TCXNVEM1YQ3772YMZHSAFV	3634	01K5JHCH94CVP9YB04YWJ95QYJ	2025-09-23 04:22:16.686000	2019-02-08 13:00:00.000000
01K5TCXQDRGDX94RR7N5DAMQCV	3634	01K5JHCJ6XBQWS9C3Z7Y7MPRN9	2019-11-14 00:00:00.000000	2019-11-14 13:00:00.000000
01K5TCXXN3HZGNXZGS9CF65KP0	3634	01K5JHCTWA1H1E01P65S9VAW24	2019-11-13 00:00:00.000000	2019-11-13 13:00:00.000000
01K5TCY3YN586HQKPA8JCR11MF	3634	01K5JHD3N36WA8362H1JHQ5K4V	2020-06-09 00:00:00.000000	2020-11-11 13:00:00.000000
01K5TCYA5RHS69ZC9XAS4YJC23	3634	01K5JHDC14N3NGPY807DJKZCDV	2020-06-09 00:00:00.000000	2021-07-28 12:00:00.000000
01K5TCYGDX94NFYTB7JJW32XWY	3634	01K5TCYF8FDKC2BD2VY0P3YWH2	2021-03-16 00:00:00.000000	2021-11-05 13:00:00.000000
01K5TCYR60WG708RD7KZMYVV49	3634	01K5JHDKBF2RG0P1BCDQ20VR87	2021-05-17 00:00:00.000000	2022-03-23 13:00:00.000000
01K5TCYW33MHYE9F2H3H793WV0	3634	01K5JHDQZES94GEEZVVAZFSXHC	2018-11-29 00:00:00.000000	2018-11-29 13:00:00.000000
01K5TCZ2HWKWN1BC9G04QBSFCS	3634	01K5JHE0HWWDS5QYW2XNED70QY	2020-06-09 00:00:00.000000	2021-04-07 12:00:00.000000
01K5TCZ8GD90YSKH5C6QE9GYD6	3634	01K5JHP360JKVZM1MVGAWJ2E74	2019-11-15 00:00:00.000000	2019-11-15 13:00:00.000000
01K5TCZBPV7V4YHT2CE9AC0QP8	3634	01K5JHHMRH55AW2WATME7KN10A	2018-08-31 00:00:00.000000	2018-08-31 12:00:00.000000
01K5TCZF0CA9DBVMY54NRGGH1Z	3634	01K5JHEH89NG2DTYKQSHGPZC9P	2020-05-28 00:00:00.000000	2020-12-03 13:00:00.000000
01K5TCZHCHN1VJCKQPTPFHN5AD	3634	01K5JHPD77W4KHC57WNDBNJEQR	2021-04-15 00:00:00.000000	2021-12-13 13:00:00.000000
01K5TCZKVGZ9NNDC7K9JQA6BV5	3634	01K5TCZK2CV47R02X5MQKTJF1G	2022-04-13 00:00:00.000000	2022-06-23 12:00:00.000000
01K5TCZQFWPW3EH468DR80PBFG	3634	01K5JHEMMP2TYR4N0DCG3KFVTR	2020-12-03 00:00:00.000000	2021-07-30 12:00:00.000000
01K5TCZXF5TQQM1BDH4AXHPBM2	3634	01K5TCZW93QZ6NHQ6AV07JZEMM	2020-06-09 00:00:00.000000	2021-02-23 13:00:00.000000
01K5TD05CV97CKRA8JXR335T8F	3634	01K5TD04940X8CMA7PBJ6N7HCG	2021-09-30 00:00:00.000000	2022-05-05 12:00:00.000000
01K5TD0BR9TMJSRVGPKWY9HD24	3634	01K5JHF9S6T5VDY1ESG3VBW6ZD	2018-08-23 00:00:00.000000	2019-08-14 12:00:00.000000
01K5TD0ES79SWPJ809WRWQEKAW	3634	01K5JHQ6EZX0944PDRJ11ASMEP	2025-09-23 04:23:47.751000	2022-06-29 12:00:00.000000
01K5TD0FVGJGBD0ZJR0ECJ14N6	3634	01K5JHFE8TY9TMKA93W4A2GHVM	2020-05-28 00:00:00.000000	2020-12-03 13:00:00.000000
01K5TD0J6FN77PS7XQ136FTQP5	3634	01K5JHFHGQVWXJBY8GEEXNMR3Y	2021-04-01 00:00:00.000000	2021-12-13 13:00:00.000000
01K5TD0MGFNNZP027A6YMN7NXM	3634	01K5TD0KYKAGG42A1YHG5R6R97	2025-09-23 04:23:53.615000	2018-04-12 12:00:00.000000
\.

--
-- Data for Name: subject; Type: TABLE DATA; Schema: public; Owner: admin
--

COPY public.subject (id, name, level, paces, credits, type, created_at, updated_at, category_id, is_university_approved) FROM stdin;
01K5JHB5C00SCX0S4V6SE3VHJ8	Math Overview	1	12	1.00	ACE	2025-09-20 03:05:37.483000	2025-09-20 03:05:37.483000	3	false
01K5JHBDCXTXNHKGV6JVG5185Q	Algebra I	2	12	1.00	ACE	2025-09-20 03:05:45.703000	2025-09-20 03:05:45.703000	3	false
01K5JHBNR695HAVSB0GXR47RW0	English I	1	12	1.00	ACE	2025-09-20 03:05:54.256000	2025-09-20 03:05:54.256000	2	false
01K5JHBY86DAYWPDVK824BSVTJ	English II	2	12	1.00	ACE	2025-09-20 03:06:02.962000	2025-09-20 03:06:02.962000	2	false
01K5JHC6C9YYK4C2MMEH9P43BZ	English Composition II New	3	10	1.00	ACE	2025-09-20 03:06:11.283000	2025-09-20 03:06:11.283000	2	true
01K5JHCCN03JC01DJ0D6D2R3SR	Tyndale Basic Literature	1	6	1.00	OSC	2025-09-20 03:06:17.707000	2025-09-20 03:06:17.707000	2	false
01K5JHCH94CVP9YB04YWJ95QYJ	Word Building Prior Learning Credit	1	1	1.00	ACE	2025-09-20 03:06:22.447000	2025-09-20 03:06:22.447000	2	false
01K5JHCJ6XBQWS9C3Z7Y7MPRN9	Etymology	1	12	1.00	ACE	2025-09-20 03:06:23.399000	2025-09-20 03:06:23.399000	2	false
01K5JHCTWA1H1E01P65S9VAW24	NZ Social Studies	1	12	1.00	ACE	2025-09-20 03:06:32.277000	2025-09-20 03:06:32.277000	5	false
01K5JHD3N36WA8362H1JHQ5K4V	World History	1	12	1.00	ACE	2025-09-20 03:06:41.262000	2025-09-20 03:06:41.262000	5	false
01K5JHDC14N3NGPY807DJKZCDV	World Geography	1	12	1.00	ACE	2025-09-20 03:06:49.841000	2025-09-20 03:06:49.841000	5	false
01K5JHDKBF2RG0P1BCDQ20VR87	Collectivism	3	6	1.00	ACE	2025-09-20 03:06:57.337000	2025-09-20 03:06:57.337000	5	true
01K5JHDQZES94GEEZVVAZFSXHC	Earth Science	1	12	1.00	ACE	2025-09-20 03:07:02.073000	2025-09-20 03:07:02.073000	4	false
01K5JHE0HWWDS5QYW2XNED70QY	Biology	1	12	1.00	ACE	2025-09-20 03:07:10.855000	2025-09-20 03:07:10.855000	4	false
01K5JHE91WHST5ASHEQE6X1S8A	Physical Science	1	12	1.00	ACE	2025-09-20 03:07:19.560000	2025-09-20 03:07:19.560000	4	false
01K5JHEH89NG2DTYKQSHGPZC9P	TPCS Discipleship 1	1	4	1.00	OSC	2025-09-20 03:07:27.957000	2025-09-20 03:07:27.957000	1	false
01K5JHEMMP2TYR4N0DCG3KFVTR	Successful Living	1	12	1.00	ACE	2025-09-20 03:07:31.428000	2025-09-20 03:07:31.428000	1	false
01K5JHEXBHQ6F3682W0KKCHDP4	Biblical Studies I - NT Survey	1	12	1.00	ACE	2025-09-20 03:07:40.347000	2025-09-20 03:07:40.347000	1	false
01K5JHF5NXAWJFA2YJFMTDTCM6	Christian Counselling	3	10	1.00	ACE	2025-09-20 03:07:48.873000	2025-09-20 03:07:48.873000	1	true
01K5JHF9S6T5VDY1ESG3VBW6ZD	Computer ICDL	1	6	1.00	LSC	2025-09-20 03:07:53.073000	2025-09-20 03:07:53.073000	4	false
01K5JHFE8TY9TMKA93W4A2GHVM	TPCS Senior High Art 1	1	4	0.50	OSC	2025-09-20 03:07:57.669000	2025-09-20 03:07:57.669000	5	false
01K5JHFHGQVWXJBY8GEEXNMR3Y	TPCS Senior High Art 2	1	4	0.50	OSC	2025-09-20 03:08:00.993000	2025-09-20 03:08:00.993000	0	false
01K5JHFMDE60P8Q6WPTW4QADS2	Typing 100 - 110 wpm	1	1	1.00	OSC	2025-09-20 03:08:03.962000	2025-09-20 03:08:03.962000	0	false
01K5JHH49QT0CFMP5S1V3D01ZX	Level One Core Numeracy	1	4	1.00	LSC	2025-09-20 03:08:52.991000	2025-09-20 03:08:52.991000	3	false
01K5JHH9KNKWBYM9SJPXKZ1X3C	Word Building	1	12	1.00	ACE	2025-09-20 03:08:58.430000	2025-09-20 03:08:58.430000	2	false
01K5JHHMRH55AW2WATME7KN10A	ACE Nutrition Science	1	6	1.00	ACE	2025-09-20 03:09:09.852000	2025-09-20 03:09:09.852000	4	false
01K5JHJ0B7ZDK8AC973QC98XZK	Typing 30-40 WPM	1	1	1.00	ACE	2025-09-20 03:09:21.714000	2025-09-20 03:09:21.714000	0	false
01K5JHKVH5KQJ7YSMW3P5NHCP6	Algebra II	3	12	1.00	ACE	2025-09-20 03:10:22.320000	2025-09-20 03:10:22.320000	3	true
01K5JHNJHX0DTGY8W6DKGZC8RX	Chemistry	3	12	1.00	ACE	2025-09-20 03:11:18.666000	2025-09-20 03:11:18.666000	4	false
01K5JHNTNTCGG3BSSADN8QYPF4	Physics	3	12	1.00	ACE	2025-09-20 03:11:26.980000	2025-09-20 03:11:26.980000	4	false
01K5JHP2J5N7STJ91V8CKWHG3Q	AP Human Biology	3	0	1.00	OSC	2025-09-20 03:11:35.057000	2025-09-20 03:11:35.057000	4	false
01K5JHP360JKVZM1MVGAWJ2E74	ACE Health	1	6	1.00	ACE	2025-09-20 03:11:35.690000	2025-09-20 03:11:35.690000	4	false
01K5JHPD77W4KHC57WNDBNJEQR	TPCS Discipleship 2	2	4	1.00	OSC	2025-09-20 03:11:45.970000	2025-09-20 03:11:45.970000	1	false
01K5JHQ5CT0SEN2WMBT1YKRHRY	IT Three Credits	1	1	3.00	OSC	2025-09-20 03:12:10.726000	2025-09-20 03:12:10.726000	4	false
01K5JHQ6EZX0944PDRJ11ASMEP	Duke of Edinburgh Bronze	1	1	1.00	OSC	2025-09-20 03:12:11.820000	2025-09-20 03:12:11.820000	5	false
01K5JHQCGASDGMWC14JAS1T4GX	Typing 81-90 wpm	1	1	1.00	ACE	2025-09-20 03:12:18.007000	2025-09-20 03:12:18.007000	0	false
01K5JJ38KZSWBEHSJXWHR934C2	Typing 71-80 WPM	1	1	1.00	ACE	2025-09-20 03:18:47.242000	2025-09-20 03:18:47.242000	0	false
01K5R2D83HKGY1ZKP14EGG3QKY	Social Studies	1	12	1.00	ACE	2025-09-22 06:40:03.772000	2025-09-22 06:40:03.772000	5	false
01K5T2N1N1KBN6Q08871V0XHAB	Foundation English	1	1	1.00	ACE	2025-09-23 01:22:48.172000	2025-09-23 01:22:48.172000	2	false
01K5T2PEXCRBRPK28NTZ7FX13K	Typing 41-50 WPM	1	1	1.00	ACE	2025-09-23 01:23:34.520000	2025-09-23 01:23:34.520000	0	false
01K5TCX2J45VN7MDF58P2PC2A4	English IV	3	12	1.00	ACE	2025-09-23 04:21:57.068000	2025-09-23 04:21:57.068000	2	true
01K5TCYF8FDKC2BD2VY0P3YWH2	American History New	1	12	1.00	ACE	2025-09-23 04:22:42.837000	2025-09-23 04:22:42.837000	5	\N
01K5TCZK2CV47R02X5MQKTJF1G	TPCS Discipleship 3	1	4	1.00	OSC	2025-09-23 04:23:19.508000	2025-09-23 04:23:19.508000	1	\N
01K5TCZW93QZ6NHQ6AV07JZEMM	New Testament Survey	1	12	1.00	ACE	2025-09-23 04:23:28.939000	2025-09-23 04:23:28.939000	1	\N
01K5TD04940X8CMA7PBJ6N7HCG	Economics Revised	1	10	1.00	ACE	2025-09-23 04:23:37.131000	2025-09-23 04:23:37.131000	5	\N
01K5TD0KYKAGG42A1YHG5R6R97	Typing 51-60 WPM	1	1	1.00	ACE	2025-09-23 04:23:53.182000	2025-09-23 04:23:53.182000	0	\N
\.

--
-- Data for Name: t; Type: TABLE DATA; Schema: public; Owner: admin
--

COPY public.t (i) FROM stdin;
3
2
1
\.

--
-- DSQL database dump complete
--

